freq,unit,isced11,sex,geo\TIME_PERIOD	2012 	2013 	2014 	2015 	2016 	2017 	2018 	2019 	2020 	2021 	2022 	2023 	2024 
A,P_THAB,ED5,F,AL	: 	: 	: 	: 	: 	: 	: 	: 	: 	0.3 	0.3 	0.3 	: 
A,P_THAB,ED5,F,AT	: 	2.8 	2.9 	2.7 	2.5 	2.8 	3.0 	3.0 	3.4 	3.1 	3.0 	3.4 	3.4 
A,P_THAB,ED5,F,BE	: 	0.0 	0.0 	: d	0.0 	0.0 	0.0 	0.0 d	0.0 d	0.1 d	0.2 	0.2 	: 
A,P_THAB,ED5,F,BG	: 	: m	: m	: m	: m	: m	: m	: m	: m	: m	: m	: m	: m
A,P_THAB,ED5,F,CH	: 	0.0 	0.0 	0.0 	0.0 	0.0 	0.0 	0.0 	0.0 	0.0 	0.0 	0.0 	0.0 
A,P_THAB,ED5,F,CY	: 	0.0 	0.0 	0.1 	0.4 	0.3 	0.6 	0.6 	0.7 	0.8 	0.8 	0.7 	0.5 
A,P_THAB,ED5,F,CZ	: 	0.0 	0.0 	0.0 	0.0 	0.0 	0.0 	0.0 	0.0 	0.0 	0.0 	0.0 	: 
A,P_THAB,ED5,F,DE	: 	0.0 	0.0 	0.0 	0.0 	0.0 	0.0 	0.1 	0.1 	0.1 	0.1 	0.1 	0.1 
A,P_THAB,ED5,F,DK	: 	2.8 	2.9 	1.2 	1.2 	1.2 	1.1 	1.2 	1.0 	1.2 	1.2 	1.5 	1.4 
A,P_THAB,ED5,F,EE	: 	: m	: m	: m	: m	: m	: m	: m	: m	: m	: m	: m	: m
A,P_THAB,ED5,F,EL	: 	: m	: m	: m	: m	: m	: m	: m	: m	: m	: m	: m	: m
A,P_THAB,ED5,F,ES	: 	1.6 	1.8 	1.7 	2.0 	2.0 	2.0 	2.0 	2.0 	2.8 	2.8 	3.0 	3.4 
A,P_THAB,ED5,F,EU27_2020	: 	: 	0.8 	0.8 d	0.8 	0.8 	0.9 d	0.9 	1.0 	1.1 	1.3 	1.1 	: 
A,P_THAB,ED5,F,EU28	: 	: 	0.8 	0.8 d	0.8 	0.9 	1.0 d	1.0 	: 	: 	: 	: 	: 
A,P_THAB,ED5,F,FI	: 	0.0 	: m	: m	: m	: m	: m	: m	: m	: m	: m	: m	: m
A,P_THAB,ED5,F,FR	: 	: d	: d	2.9 	3.0 	3.1 	3.4 d	3.4 	3.5 	3.6 	4.2 	2.6 	2.7 
A,P_THAB,ED5,F,HR	: 	0.0 	0.0 	0.1 	0.0 	0.1 	0.0 	0.0 	0.0 	0.0 	0.0 	0.0 	0.0 
A,P_THAB,ED5,F,HU	: 	0.5 	0.4 	0.1 	0.1 	0.0 	0.1 	0.1 	0.1 	0.1 	0.1 	0.1 	0.2 
A,P_THAB,ED5,F,IE	: 	2.5 	1.3 	1.7 	1.6 	2.0 	2.9 d	3.2 d	3.8 d	3.5 d	3.8 d	3.8 d	: 
A,P_THAB,ED5,F,IS	: 	0.0 	0.0 	0.0 	0.0 	0.0 	0.1 	0.0 	0.1 	0.0 	0.0 	0.0 	: 
A,P_THAB,ED5,F,IT	: 	0.1 	0.1 	0.0 d	0.0 	0.1 	0.1 	0.1 	0.1 p	0.2 	0.2 	0.2 	0.2 
A,P_THAB,ED5,F,LI	: 	: m	: m	: m	: m	: m	: m	: m	: m	: m	: m	: 	: 
A,P_THAB,ED5,F,LT	: 	: m	: m	: m	: m	: m	: m	: m	: m	: m	: m	: m	0.0 
A,P_THAB,ED5,F,LU	: 	0.0 	0.1 	0.1 	0.1 	0.2 	0.1 	0.2 	0.3 	0.5 	0.4 	0.2 	0.4 
A,P_THAB,ED5,F,LV	: 	0.7 	0.6 	0.7 	0.7 	0.7 	0.8 	0.8 	0.6 	0.7 	0.9 	0.9 	: 
A,P_THAB,ED5,F,ME	: 	: 	: 	: 	: m	: m	: m	: m	: m	: m	: 	: m	: m
A,P_THAB,ED5,F,MK	: 	: m	: m	: m	: m	: m	: m	: m	: m	: m	: m	: m	: m
A,P_THAB,ED5,F,MT	: 	0.9 	0.7 	1.0 	0.8 	0.8 	0.2 	0.1 	0.1 	0.3 	0.2 	0.2 	0.1 
A,P_THAB,ED5,F,NL	: 	0.0 	0.0 	0.0 	0.0 	0.0 	0.0 	0.0 	0.0 	0.1 	0.1 	0.1 	: 
A,P_THAB,ED5,F,NO	: 	0.3 	0.3 	0.3 	0.3 	0.3 	0.2 	0.3 	0.4 	0.7 	0.6 	0.9 	0.9 
A,P_THAB,ED5,F,PL	: 	: m	0.0 	0.0 	0.0 	0.0 	0.0 	0.0 	0.0 	0.0 	0.0 	0.0 	0.0 
A,P_THAB,ED5,F,PT	: 	: m	: m	: m	0.0 	0.3 	0.4 	0.4 	0.4 	0.5 	0.4 	0.5 	: 
A,P_THAB,ED5,F,RO	: 	: m	: m	: m	: m	: m	: m	: m	: m	: m	: m	: m	: m
A,P_THAB,ED5,F,RS	: 	: 	: m	: m	: m	: m	: m	: m	: m	: m	: m	: m	: m
A,P_THAB,ED5,F,SE	: 	1.2 	1.2 	1.1 	1.2 	1.3 	1.3 	1.5 	1.9 	2.4 	3.5 	3.7 	: 
A,P_THAB,ED5,F,SI	: 	1.1 	1.0 	1.0 	1.1 	1.3 	1.4 	1.5 	1.3 	1.3 	1.2 	1.2 	1.5 
A,P_THAB,ED5,F,SK	: 	0.0 	0.0 	0.0 	0.0 	0.0 	0.1 	0.1 	0.1 	0.1 	0.0 	0.1 	0.0 
A,P_THAB,ED5,F,TR	: 	: 	: 	2.4 	2.3 	2.4 	2.5 	1.8 	2.0 	2.3 	4.2 	2.3 	: 
A,P_THAB,ED5,F,UK	: 	1.6 	0.7 	1.3 	1.3 d	1.4 d	1.4 d	1.6 d	: 	: 	: 	: 	: 
A,P_THAB,ED5,M,AL	: 	: 	: 	: 	: 	: 	: 	: 	: 	1.5 	1.8 	2.0 	: 
A,P_THAB,ED5,M,AT	: 	14.9 	14.8 	14.2 	13.5 	13.7 	14.0 	14.1 	15.8 	14.7 	14.2 	14.0 	14.5 
A,P_THAB,ED5,M,BE	: 	0.0 	0.0 	: d	0.0 	0.0 	0.0 	0.0 d	0.6 d	1.4 d	1.9 	2.0 	: 
A,P_THAB,ED5,M,BG	: 	: m	: m	: m	: m	: m	: m	: m	: m	: m	: m	: m	: m
A,P_THAB,ED5,M,CH	: 	0.1 	0.1 	0.1 	0.1 	0.1 	0.0 	0.0 	0.0 	0.0 	0.1 	0.1 	0.1 
A,P_THAB,ED5,M,CY	: 	0.8 	1.2 	1.6 	1.6 	2.0 	3.0 	2.8 	3.1 	3.4 	3.3 	3.9 	3.6 
A,P_THAB,ED5,M,CZ	: 	0.0 	0.0 	0.0 	0.0 	0.0 	0.0 	0.0 	0.0 	0.0 	0.0 	0.0 	: 
A,P_THAB,ED5,M,DE	: 	0.0 	0.0 	0.0 	0.0 	0.0 	0.0 	0.3 	0.2 	0.3 	0.3 	0.3 	0.4 
A,P_THAB,ED5,M,DK	: 	4.2 	4.0 	4.1 	4.2 	4.4 	4.2 	4.4 	4.6 	4.6 	4.3 	4.7 	4.3 
A,P_THAB,ED5,M,EE	: 	: m	: m	: m	: m	: m	: m	: m	: m	: m	: m	: m	: m
A,P_THAB,ED5,M,EL	: 	: m	: m	: m	: m	: m	: m	: m	: m	: m	: m	: m	: m
A,P_THAB,ED5,M,ES	: 	9.6 	10.9 	11.2 	11.7 	11.5 	12.6 	12.8 	11.6 	15.7 	15.4 	16.4 	17.6 
A,P_THAB,ED5,M,EU27_2020	: 	: 	3.3 	3.3 d	3.3 	3.5 	3.8 d	3.8 	4.0 	4.6 	4.8 	4.3 	: 
A,P_THAB,ED5,M,EU28	: 	: 	3.1 	3.3 d	3.4 	3.5 	3.8 d	3.9 	: 	: 	: 	: 	: 
A,P_THAB,ED5,M,FI	: 	0.0 	: m	: m	: m	: m	: m	: m	: m	: m	: m	: m	: m
A,P_THAB,ED5,M,FR	: 	: d	: d	11.2 	11.6 	12.1 	12.3 d	12.6 	13.7 	13.7 	14.1 	9.3 	9.3 
A,P_THAB,ED5,M,HR	: 	0.0 	0.0 	0.0 	0.0 	0.0 	0.0 	0.1 	0.0 	0.0 	0.0 	0.0 	0.0 
A,P_THAB,ED5,M,HU	: 	1.6 	1.7 	0.4 	0.2 	0.3 	0.3 	0.3 	0.4 	0.6 	0.6 	0.7 	0.9 
A,P_THAB,ED5,M,IE	: 	12.7 	3.5 	4.2 	4.0 	5.1 	5.7 d	6.6 d	6.9 d	7.2 d	7.2 d	7.0 d	: 
A,P_THAB,ED5,M,IS	: 	0.1 	0.4 	0.4 	0.2 	0.4 	0.4 	0.1 	0.1 	0.1 	0.1 	0.2 	: 
A,P_THAB,ED5,M,IT	: 	0.2 	0.3 	0.0 d	0.3 	0.4 	0.5 	0.5 	0.7 p	0.8 	1.0 	1.3 	1.2 
A,P_THAB,ED5,M,LI	: 	: m	: m	: m	: m	: m	: m	: m	: m	: m	: m	: 	: 
A,P_THAB,ED5,M,LT	: 	: m	: m	: m	: m	: m	: m	: m	: m	: m	: m	: m	0.0 
A,P_THAB,ED5,M,LU	: 	0.3 	0.6 	0.7 	1.0 	0.9 	0.9 	0.9 	1.0 	1.0 	1.5 	1.4 	1.5 
A,P_THAB,ED5,M,LV	: 	3.0 	3.3 	3.5 	3.4 	3.8 	4.4 	4.9 	3.5 	3.4 	3.9 	3.4 	: 
A,P_THAB,ED5,M,ME	: 	: 	: 	: 	: m	: m	: m	: m	: m	: m	: 	: m	: m
A,P_THAB,ED5,M,MK	: 	: m	: m	: m	: m	: m	: m	: m	: m	: m	: m	: m	: m
A,P_THAB,ED5,M,MT	: 	4.7 	4.7 	4.8 	4.6 	4.6 	1.0 	0.9 	0.8 	0.7 	0.5 	0.4 	0.4 
A,P_THAB,ED5,M,NL	: 	0.1 	0.1 	0.1 	0.2 	0.2 	0.2 	0.3 	0.3 	0.4 	0.5 	0.6 	: 
A,P_THAB,ED5,M,NO	: 	4.9 	5.1 	4.7 	4.9 	4.8 	4.7 	4.4 	4.7 	5.6 	5.2 	6.1 	7.2 
A,P_THAB,ED5,M,PL	: 	: m	0.0 	0.0 	0.0 	0.0 	0.0 	0.0 	0.0 	0.0 	0.0 	0.0 	0.0 
A,P_THAB,ED5,M,PT	: 	: m	: m	: m	0.1 	1.8 	2.2 	2.5 	2.8 	2.8 	2.6 	3.0 	: 
A,P_THAB,ED5,M,RO	: 	: m	: m	: m	: m	: m	: m	: m	: m	: m	: m	: m	: m
A,P_THAB,ED5,M,RS	: 	: 	: m	: m	: m	: m	: m	: m	: m	: m	: m	: m	: m
A,P_THAB,ED5,M,SE	: 	3.9 	3.4 	3.8 	3.7 	3.9 	3.9 	3.9 	4.5 	5.4 	7.5 	7.6 	: 
A,P_THAB,ED5,M,SI	: 	5.1 	4.5 	3.7 	4.7 	5.0 	5.4 	5.7 	5.4 	6.7 	6.5 	6.4 	7.0 
A,P_THAB,ED5,M,SK	: 	0.1 	0.0 	0.1 	0.2 	0.1 	0.1 	0.1 	0.2 	0.2 	0.1 	0.2 	0.1 
A,P_THAB,ED5,M,TR	: 	: 	: 	7.4 	7.3 	7.4 	7.4 	5.9 	6.6 	6.9 	3.7 	6.4 	: 
A,P_THAB,ED5,M,UK	: 	4.1 	2.0 	3.4 	4.0 d	4.0 d	4.3 d	4.3 d	: 	: 	: 	: 	: 
A,P_THAB,ED5,T,AL	: 	: 	: 	: 	: 	: 	: 	: 	: 	0.9 	1.1 	1.2 	: 
A,P_THAB,ED5,T,AT	: 	8.9 	8.9 	8.6 	8.2 	8.4 	8.6 	8.7 	9.8 	9.1 	8.8 	8.9 	9.1 
A,P_THAB,ED5,T,BE	: 	0.0 	0.0 	: d	0.0 	0.0 	0.0 	0.0 d	0.3 d	0.8 d	1.1 	1.1 	: 
A,P_THAB,ED5,T,BG	: 	: m	: m	: m	: m	: m	: m	: m	: m	: m	: m	: m	: m
A,P_THAB,ED5,T,CH	: 	0.1 	0.1 	0.1 	0.1 	0.0 	0.0 	0.0 	0.0 	0.0 	0.1 	0.1 	0.1 
A,P_THAB,ED5,T,CY	: 	0.4 	0.6 	0.9 	1.0 	1.1 	1.8 	1.7 	1.9 	2.1 	2.1 	2.4 	2.1 
A,P_THAB,ED5,T,CZ	: 	0.0 	0.0 	0.0 	0.0 	0.0 	0.0 	0.0 	0.0 	0.0 	0.0 	0.0 	: 
A,P_THAB,ED5,T,DE	: 	0.0 	0.0 	0.0 	0.0 	0.0 	0.0 	0.2 	0.2 	0.2 	0.2 	0.2 	0.3 
A,P_THAB,ED5,T,DK	: 	3.5 	3.4 	2.7 	2.7 	2.8 	2.7 	2.8 	2.8 	2.9 	2.8 	3.1 	2.9 
A,P_THAB,ED5,T,EE	: 	: m	: m	: m	: m	: m	: m	: m	: m	: m	: m	: m	: m
A,P_THAB,ED5,T,EL	: 	: m	: m	: m	: m	: m	: m	: m	: m	: m	: m	: m	: m
A,P_THAB,ED5,T,ES	: 	5.7 	6.4 	6.5 	6.9 	6.8 	7.4 	7.5 	6.9 	9.4 	9.2 	9.9 	10.7 
A,P_THAB,ED5,T,EU27_2020	: 	: 	2.1 	2.1 d	2.1 	2.2 	2.4 d	2.4 	2.6 	2.9 	3.1 	2.7 	: 
A,P_THAB,ED5,T,EU28	: 	: 	2.0 	2.1 d	2.2 	2.2 	2.5 d	2.5 	: 	: 	: 	: 	: 
A,P_THAB,ED5,T,FI	: 	0.0 	: m	: m	: m	: m	: m	: m	: m	: m	: m	: m	: m
A,P_THAB,ED5,T,FR	: 	: d	: d	7.0 	7.3 	7.6 	7.9 d	8.0 	8.6 	8.7 	9.2 	6.0 	6.0 
A,P_THAB,ED5,T,HR	: 	0.0 	0.0 	0.0 	0.0 	0.0 	0.0 	0.1 	0.0 	0.0 	0.0 	0.0 	0.0 
A,P_THAB,ED5,T,HU	: 	1.1 	1.1 	0.2 	0.1 	0.2 	0.2 	0.2 	0.3 	0.4 	0.4 	0.4 	0.5 
A,P_THAB,ED5,T,IE	: 	7.5 	2.4 	3.0 	2.8 	3.6 	4.3 d	4.9 d	5.3 d	5.4 d	5.5 d	5.4 d	: 
A,P_THAB,ED5,T,IS	: 	0.1 	0.2 	0.2 	0.1 	0.2 	0.3 	0.1 	0.1 	0.1 	0.1 	0.1 	: 
A,P_THAB,ED5,T,IT	: 	0.1 	0.2 	0.0 d	0.2 	0.3 	0.3 	0.3 	0.4 p	0.5 	0.6 	0.8 	0.8 
A,P_THAB,ED5,T,LI	: 	: m	: m	: m	: m	: m	: m	: m	: m	: m	: m	: 	: 
A,P_THAB,ED5,T,LT	: 	: m	: m	: m	: m	: m	: m	: m	: m	: m	: m	: m	0.0 
A,P_THAB,ED5,T,LU	: 	0.2 	0.3 	0.4 	0.5 	0.5 	0.6 	0.5 	0.7 	0.8 	0.9 	0.8 	1.0 
A,P_THAB,ED5,T,LV	: 	1.9 	2.0 	2.1 	2.1 	2.3 	2.7 	2.9 	2.1 	2.1 	2.5 	2.2 	: 
A,P_THAB,ED5,T,ME	: 	: 	: 	: 	: m	: m	: m	: m	: m	: m	: 	: m	: m
A,P_THAB,ED5,T,MK	: 	: m	: m	: m	: m	: m	: m	: m	: m	: m	: m	: m	: m
A,P_THAB,ED5,T,MT	: 	2.8 	2.8 	2.9 	2.8 	2.8 	0.7 	0.6 	0.5 	0.5 	0.3 	0.3 	0.2 
A,P_THAB,ED5,T,NL	: 	0.1 	0.1 	0.1 	0.1 	0.1 	0.1 	0.1 	0.2 	0.2 	0.3 	0.3 	: 
A,P_THAB,ED5,T,NO	: 	2.6 	2.8 	2.6 	2.6 	2.6 	2.5 	2.4 	2.6 	3.2 	3.0 	3.6 	4.1 
A,P_THAB,ED5,T,PL	: 	: m	0.0 	0.0 	0.0 	0.0 	0.0 	0.0 	0.0 	0.0 	0.0 	0.0 	0.0 
A,P_THAB,ED5,T,PT	: 	: m	: m	: m	0.1 	1.1 	1.3 	1.4 	1.6 	1.7 	1.5 	1.8 	: 
A,P_THAB,ED5,T,RO	: 	: m	: m	: m	: m	: m	: m	: m	: m	: m	: m	: m	: m
A,P_THAB,ED5,T,RS	: 	: 	: m	: m	: m	: m	: m	: m	: m	: m	: m	: m	: m
A,P_THAB,ED5,T,SE	: 	2.6 	2.3 	2.5 	2.5 	2.6 	2.7 	2.7 	3.3 	3.9 	5.6 	5.7 	: 
A,P_THAB,ED5,T,SI	: 	3.2 	2.8 	2.4 	3.0 	3.2 	3.5 	3.7 	3.5 	4.2 	4.0 	4.0 	4.5 
A,P_THAB,ED5,T,SK	: 	0.0 	0.0 	0.1 	0.1 	0.1 	0.1 	0.1 	0.1 	0.1 	0.1 	0.1 	0.1 
A,P_THAB,ED5,T,TR	: 	: 	: 	5.0 	4.9 	5.0 	5.0 	3.9 	4.4 	4.6 	3.9 	4.4 	: 
A,P_THAB,ED5,T,UK	: 	2.9 	1.4 	2.3 	2.7 d	2.7 d	2.9 d	3.0 d	: 	: 	: 	: 	: 
A,P_THAB,ED5-8,F,AL	: 	: 	: 	: 	: 	: 	: 	: 	: 	11.5 	13.3 	13.4 	: 
A,P_THAB,ED5-8,F,AT	: 	11.6 	12.2 	11.3 	11.7 	11.9 	12.4 	13.0 	13.2 	14.4 	14.1 	15.0 	15.4 
A,P_THAB,ED5-8,F,BE	: 	6.4 	7.4 	7.1 	7.9 	7.1 	7.2 	7.5 d	8.4 d	9.1 d	9.1 	10.0 	: 
A,P_THAB,ED5-8,F,BG	: 	11.8 	11.1 	12.3 	12.0 	12.0 	11.5 	11.6 	11.2 	12.5 	12.5 	12.2 	13.3 
A,P_THAB,ED5-8,F,CH	: 	7.3 	7.8 	9.2 	9.1 	9.4 	9.9 	10.5 	11.0 	11.8 	12.4 	13.5 	13.8 
A,P_THAB,ED5-8,F,CY	: 	5.4 	5.9 	8.3 	8.6 	7.7 	7.2 	7.2 	6.6 	6.7 	7.7 	8.8 	8.5 
A,P_THAB,ED5-8,F,CZ	: 	11.4 	11.1 	12.2 	12.3 	12.2 	12.3 	12.2 	12.0 	12.1 	11.9 	11.8 	: 
A,P_THAB,ED5-8,F,DE	: 	10.1 	10.8 	11.3 d	11.4 d	11.7 	11.8 	13.2 	12.5 	13.9 	14.1 	14.2 	14.7 
A,P_THAB,ED5-8,F,DK	: 	14.3 	15.3 	13.2 	16.0 	15.8 	15.4 	16.4 	16.0 	18.3 	17.9 	19.3 	19.6 
A,P_THAB,ED5-8,F,EE	: 	12.8 	10.8 	13.0 	12.9 	13.2 	12.9 	13.8 	14.9 	15.2 	15.1 	14.7 	15.8 
A,P_THAB,ED5-8,F,EL	: 	12.2 	12.4 	13.2 	13.7 	14.5 	14.5 	14.6 	14.5 	17.1 	18.1 	19.7 	19.2 
A,P_THAB,ED5-8,F,ES	9.8 	11.5 	12.3 	13.3 	12.9 	13.1 	12.6 	11.9 	12.4 	13.2 	13.0 	13.1 	14.0 
A,P_THAB,ED5-8,F,EU27_2020	: 	: 	12.4 d	13.1 d	13.3 d	13.5 	13.4 d	13.8 	14.0 	14.9 	15.1 	15.5 	: 
A,P_THAB,ED5-8,F,EU28	: 	: 	13.1 d	13.7 d	13.9 d	14.1 	14.4 d	14.9 	: 	: 	: 	: 	: 
A,P_THAB,ED5-8,F,FI	: 	12.5 	12.6 	13.4 	13.5 	12.6 	13.4 	13.9 	16.2 	15.9 	17.6 	19.8 	23.2 
A,P_THAB,ED5-8,F,FR	: 	: d	: 	15.5 	16.2 	16.8 	16.8 d	17.2 	18.2 	19.0 	19.7 	19.2 	19.2 
A,P_THAB,ED5-8,F,HR	: 	10.7 	11.4 	12.3 	13.6 	15.3 	14.9 	15.8 	17.6 	17.5 	17.2 	18.0 	17.1 
A,P_THAB,ED5-8,F,HU	: 	7.0 	7.7 	8.0 	8.3 	8.0 	8.0 	7.6 	14.3 d	8.2 	7.8 	9.1 	8.5 
A,P_THAB,ED5-8,F,IE	: 	10.0 	12.4 	17.6 	18.2 	19.3 	22.9 d	23.7 d	25.7 d	27.1 d	29.1 d	28.7 d	: 
A,P_THAB,ED5-8,F,IS	: 	10.9 	12.0 	11.5 	13.3 	13.9 	11.9 	14.0 	11.7 	14.4 	13.8 	15.0 	: 
A,P_THAB,ED5-8,F,IT	: 	11.4 	11.4 	11.3 d	11.3 	11.8 d	12.6 	13.4 	13.6 p	14.8 	15.0 	16.5 	17.6 
A,P_THAB,ED5-8,F,LI	: 	10.8 	10.2 	10.4 	10.8 	10.9 	8.6 	10.7 	14.6 	22.4 	12.8 	: 	: 
A,P_THAB,ED5-8,F,LT	: 	13.1 	12.1 	11.9 	11.3 	11.9 	13.2 	12.6 	12.2 	11.9 	11.5 	11.2 	11.5 
A,P_THAB,ED5-8,F,LU	: 	2.3 	2.0 	1.6 	2.2 	1.8 	1.8 	2.0 	2.6 	3.1 	3.6 	4.0 	3.9 
A,P_THAB,ED5-8,F,LV	: 	9.5 	9.1 	8.4 	8.3 	8.1 	8.9 	9.0 	9.0 	9.9 	10.1 	10.8 	: 
A,P_THAB,ED5-8,F,ME	: 	: 	: 	: 	: 	: d	: d	: d	: d	12.1 	: 	10.5 	9.7 
A,P_THAB,ED5-8,F,MK	: 	5.9 	7.0 	6.5 	7.5 	7.5 	7.5 	8.3 	6.6 	7.3 	9.6 	10.5 	10.6 
A,P_THAB,ED5-8,F,MT	: 	9.5 	8.9 	9.6 	7.7 	8.2 	8.4 	7.2 	6.7 	7.4 	7.7 	8.1 	7.5 
A,P_THAB,ED5-8,F,NL	: 	: 	: 	: d	: 	7.1 	8.0 	8.4 	8.8 	10.1 	10.4 	11.1 	: 
A,P_THAB,ED5-8,F,NO	: 	8.2 	8.3 	8.6 	8.3 	9.6 	9.9 	9.7 	10.0 	11.5 	11.6 	12.4 	12.9 
A,P_THAB,ED5-8,F,PL	: 	: d	17.8 d	19.0 	19.3 	20.9 	18.5 	17.4 	15.2 	15.9 	16.0 de	16.1 de	15.9 de
A,P_THAB,ED5-8,F,PT	: 	14.5 	13.9 	14.7 	15.2 	15.7 	15.5 	15.5 	15.9 	17.5 	16.8 	17.4 	: 
A,P_THAB,ED5-8,F,RO	: 	15.0 	14.3 	13.0 	12.3 	13.0 	13.9 	15.5 	15.9 	16.8 	16.4 	16.5 	16.4 
A,P_THAB,ED5-8,F,RS	: 	: 	11.9 	12.3 	12.8 	13.3 	13.5 	13.8 	14.6 	14.8 	15.3 	16.5 	17.2 
A,P_THAB,ED5-8,F,SE	: 	9.7 	10.2 	10.6 	11.2 	10.9 	11.0 	11.7 	13.3 	14.8 	16.0 	16.2 	: 
A,P_THAB,ED5-8,F,SI	: 	13.0 	12.9 	13.7 	20.5 	13.4 	14.8 	14.3 	14.5 	14.8 	15.5 	16.4 	16.6 
A,P_THAB,ED5-8,F,SK	: 	13.4 	13.1 	12.0 	11.7 	10.6 	9.9 	9.0 	9.1 	8.9 	9.0 	8.9 	9.1 
A,P_THAB,ED5-8,F,TR	: 	: 	: 	8.3 	8.1 	8.5 	8.7 	9.0 	8.5 	9.3 	13.2 	8.9 	: 
A,P_THAB,ED5-8,F,UK	: 	17.3 	17.4 	17.0 	17.5 d	18.5 d	20.2 d	21.6 d	: 	: 	: 	: 	: 
A,P_THAB,ED5-8,M,AL	: 	: 	: 	: 	: 	: 	: 	: 	: 	15.2 	16.5 	17.0 	: 
A,P_THAB,ED5-8,M,AT	: 	32.7 	33.5 	32.1 	31.9 	31.6 	32.7 	33.3 	35.0 	35.1 	34.0 	33.7 	34.9 
A,P_THAB,ED5-8,M,BE	: 	19.5 	20.6 	19.5 	20.5 	20.0 	20.6 	20.7 d	22.8 d	23.5 d	23.3 	24.1 	: 
A,P_THAB,ED5-8,M,BG	: 	17.2 	17.0 	19.1 	18.1 	19.3 	18.6 	19.8 	18.6 	20.3 	20.9 	20.4 	20.6 
A,P_THAB,ED5-8,M,CH	: 	27.5 	28.7 	30.5 	31.2 	31.6 	32.2 	33.1 	32.0 	35.0 	34.9 	35.7 	36.8 
A,P_THAB,ED5-8,M,CY	: 	7.8 	9.1 	11.7 	11.8 	12.5 	12.8 	13.5 	13.3 	14.5 	15.4 	15.2 	15.1 
A,P_THAB,ED5-8,M,CZ	: 	22.2 	21.8 	22.0 	21.5 	21.1 	20.6 	19.8 	19.7 	19.6 	19.5 	20.2 	: 
A,P_THAB,ED5-8,M,DE	: 	25.2 	27.5 	29.2 d	28.1 d	28.3 	27.8 	34.7 	31.3 	33.2 	33.7 	33.5 	33.3 
A,P_THAB,ED5-8,M,DK	: 	25.4 	26.2 	26.9 	30.3 	29.1 	30.8 	30.8 	31.5 	33.6 	32.6 	34.3 	33.1 
A,P_THAB,ED5-8,M,EE	: 	18.2 	16.0 	17.8 	19.3 	19.7 	18.3 	19.0 	19.5 	23.6 	20.9 	19.7 	21.6 
A,P_THAB,ED5-8,M,EL	: 	19.1 	20.0 	20.8 	20.4 	21.1 	20.5 	19.7 	19.0 	22.7 	24.4 	26.1 	24.4 
A,P_THAB,ED5-8,M,ES	21.3 	27.1 	29.6 	31.3 	30.0 	30.3 	30.0 	29.6 	29.2 	33.2 	32.6 	33.5 	35.1 
A,P_THAB,ED5-8,M,EU27_2020	: 	: 	24.4 d	25.5 d	25.6 d	25.7 	25.7 d	27.5 	27.6 	28.9 	29.0 	29.0 	: 
A,P_THAB,ED5-8,M,EU28	: 	: 	24.9 d	25.7 d	25.9 d	26.0 	26.3 d	27.9 	: 	: 	: 	: 	: 
A,P_THAB,ED5-8,M,FI	: 	31.0 	31.6 	33.6 	34.6 	31.7 	33.7 	35.1 	36.3 	34.6 	34.8 	37.3 	41.9 
A,P_THAB,ED5-8,M,FR	: 	: d	: 	33.9 	34.9 	35.5 	36.3 d	37.4 	39.7 	40.1 	40.0 	35.9 	36.6 
A,P_THAB,ED5-8,M,HR	: 	20.1 	19.7 	22.2 	21.9 	23.7 	24.8 	26.8 	27.1 	27.5 	26.3 	26.0 	25.3 
A,P_THAB,ED5-8,M,HU	: 	15.2 	16.4 	16.3 	17.0 	16.2 	16.5 	17.1 	33.2 d	19.0 	18.2 	22.3 	20.0 
A,P_THAB,ED5-8,M,IE	: 	33.6 	35.7 	42.2 	43.2 	45.8 	47.0 d	49.1 d	52.9 d	52.7 d	51.2 d	50.1 d	: 
A,P_THAB,ED5-8,M,IS	: 	17.8 	20.3 	21.2 	22.5 	20.6 	18.2 	17.6 	17.2 	17.5 	18.7 	17.9 	: 
A,P_THAB,ED5-8,M,IT	: 	16.1 	16.3 	16.0 d	16.6 	17.3 d	18.6 	19.6 	19.9 p	21.5 	21.7 	23.4 	24.5 
A,P_THAB,ED5-8,M,LI	: 	14.5 	12.6 	12.6 	11.7 	11.8 	5.6 	7.4 	12.9 	14.6 	5.4 	: 	: 
A,P_THAB,ED5-8,M,LT	: 	31.4 	26.1 	25.8 	25.8 	27.3 	27.6 	28.0 	26.4 	26.7 	24.0 	24.7 	22.6 
A,P_THAB,ED5-8,M,LU	: 	4.9 	5.0 	5.1 	5.5 	5.6 	6.1 	5.7 	5.7 	6.5 	7.6 	8.0 	7.3 
A,P_THAB,ED5-8,M,LV	: 	18.4 	17.0 	17.2 	16.8 	17.0 	18.4 	18.7 	18.7 	19.8 	19.0 	20.2 	: 
A,P_THAB,ED5-8,M,ME	: 	: 	: 	: 	: 	: d	: d	: d	: d	12.6 	: 	11.8 	9.2 
A,P_THAB,ED5-8,M,MK	: 	9.0 	9.6 	7.5 	8.0 	7.8 	7.9 	8.6 	6.2 	7.4 	9.9 	9.3 	10.4 
A,P_THAB,ED5-8,M,MT	: 	21.7 	22.0 	20.9 	19.7 	19.7 	16.0 	15.2 	13.4 	14.8 	14.9 	12.7 	11.2 
A,P_THAB,ED5-8,M,NL	: 	: 	: 	: d	: 	16.7 	17.5 	18.6 	18.6 	20.8 	20.3 	20.9 	: 
A,P_THAB,ED5-8,M,NO	: 	19.8 	20.6 	20.1 	19.9 	23.0 	23.0 	23.0 	23.3 	26.6 	24.7 	27.0 	29.1 
A,P_THAB,ED5-8,M,PL	: 	: d	23.0 d	23.6 	23.5 	26.2 	23.3 	22.6 	20.1 	21.4 	22.0 de	22.8 de	23.9 de
A,P_THAB,ED5-8,M,PT	: 	22.8 	21.7 	22.8 	23.4 	25.4 	25.5 	26.3 	27.6 	28.1 	28.3 	29.0 	: 
A,P_THAB,ED5-8,M,RO	: 	20.1 	18.7 	16.7 	16.3 	17.1 	17.7 	19.3 	20.8 	21.3 	20.7 	21.4 	21.4 
A,P_THAB,ED5-8,M,RS	: 	: 	17.7 	17.4 	17.4 	19.1 	17.3 	18.0 	18.2 	17.6 	16.7 	18.6 	19.5 
A,P_THAB,ED5-8,M,SE	: 	19.4 	19.1 	19.8 	19.6 	18.7 	18.6 	19.6 	20.8 	23.3 	24.9 	24.5 	: 
A,P_THAB,ED5-8,M,SI	: 	26.1 	26.3 	25.6 	45.3 	25.0 	26.2 	26.6 	25.7 	27.5 	28.3 	29.2 	29.1 
A,P_THAB,ED5-8,M,SK	: 	22.4 	21.2 	20.9 	19.7 	18.6 	17.7 	16.6 	16.7 	17.3 	17.3 	17.0 	18.4 
A,P_THAB,ED5-8,M,TR	: 	: 	: 	15.6 	15.9 	16.4 	17.0 	16.4 	17.3 	18.8 	12.1 	16.4 	: 
A,P_THAB,ED5-8,M,UK	: 	28.7 	28.1 	27.3 	28.0 d	28.7 d	29.9 d	30.5 d	: 	: 	: 	: 	: 
A,P_THAB,ED5-8,T,AL	: 	: 	: 	: 	: 	: 	: 	: 	: 	13.4 	14.9 	15.2 	: 
A,P_THAB,ED5-8,T,AT	: 	22.2 	23.0 	21.9 	22.1 	22.0 	22.8 	23.4 	24.4 	25.0 	24.3 	24.6 	25.5 
A,P_THAB,ED5-8,T,BE	: 	13.0 	14.0 	13.3 	14.3 	13.6 	14.0 	14.2 d	15.7 d	16.4 d	16.4 	17.2 	: 
A,P_THAB,ED5-8,T,BG	: 	14.6 	14.2 	15.8 	15.2 	15.8 	15.2 	15.8 	15.0 	16.5 	16.8 	16.4 	17.0 
A,P_THAB,ED5-8,T,CH	: 	17.5 	18.4 	20.0 	20.3 	20.7 	21.2 	22.0 	21.8 	23.7 	24.0 	24.9 	25.6 
A,P_THAB,ED5-8,T,CY	: 	6.6 	7.5 	10.0 	10.2 	10.1 	10.0 	10.2 	9.8 	10.5 	11.6 	12.0 	12.0 
A,P_THAB,ED5-8,T,CZ	: 	16.9 	16.6 	17.2 	17.0 	16.8 	16.5 	16.1 	16.0 	16.0 	15.8 	16.1 	: 
A,P_THAB,ED5-8,T,DE	: 	17.8 	19.3 	20.5 d	20.1 d	20.4 	20.1 	24.4 	22.3 	24.0 	24.3 	24.2 	24.4 
A,P_THAB,ED5-8,T,DK	: 	19.9 	20.8 	20.2 	23.3 	22.6 	23.3 	23.7 	23.9 	26.1 	25.4 	26.9 	26.5 
A,P_THAB,ED5-8,T,EE	: 	15.6 	13.5 	15.5 	16.2 	16.5 	15.7 	16.5 	17.3 	19.6 	18.1 	17.2 	18.8 
A,P_THAB,ED5-8,T,EL	: 	15.7 	16.2 	17.1 	17.1 	17.9 	17.6 	17.2 	16.8 	20.1 	21.3 	23.1 	21.7 
A,P_THAB,ED5-8,T,ES	15.6 	19.4 	21.1 	22.4 	21.5 	21.8 	21.5 	20.9 	20.9 	23.4 	23.1 	23.5 	24.8 
A,P_THAB,ED5-8,T,EU27_2020	: 	: 	18.5 d	19.4 d	19.6 d	19.7 	19.7 d	20.8 	21.0 	22.1 	22.3 	22.4 	: 
A,P_THAB,ED5-8,T,EU28	: 	: 	19.1 d	19.8 d	20.0 d	20.2 	20.5 d	21.6 	: 	: 	: 	: 	: 
A,P_THAB,ED5-8,T,FI	: 	22.0 	22.3 	23.7 	24.3 	22.4 	23.8 	24.8 	26.5 	25.6 	26.5 	28.8 	32.9 
A,P_THAB,ED5-8,T,FR	: 	: d	: 	24.7 	25.5 	26.2 	26.5 d	27.3 	29.0 	29.6 	29.9 	27.6 	28.0 
A,P_THAB,ED5-8,T,HR	: 	15.5 	15.7 	17.3 	17.8 	19.5 	19.9 	21.4 	22.4 	22.6 	21.9 	22.1 	21.4 
A,P_THAB,ED5-8,T,HU	: 	11.2 	12.2 	12.3 	12.8 	12.2 	12.4 	12.5 	24.1 d	13.8 	13.1 	15.9 	14.4 
A,P_THAB,ED5-8,T,IE	: 	21.6 	23.9 	29.8 	30.6 	32.6 	35.0 d	36.6 d	39.4 d	40.0 d	40.3 d	39.5 d	: 
A,P_THAB,ED5-8,T,IS	: 	14.4 	16.3 	16.5 	18.0 	17.4 	15.2 	15.9 	14.6 	16.0 	16.3 	16.5 	: 
A,P_THAB,ED5-8,T,IT	: 	13.8 	13.9 	13.7 d	14.0 	14.6 d	15.7 	16.6 	16.9 p	18.3 	18.5 	20.1 	21.2 
A,P_THAB,ED5-8,T,LI	: 	12.7 	11.4 	11.5 	11.3 	11.3 	7.0 	9.0 	13.8 	18.5 	9.1 	: 	: 
A,P_THAB,ED5-8,T,LT	: 	22.5 	19.3 	19.0 	18.7 	19.7 	20.5 	20.4 	19.5 	19.5 	17.9 	18.1 	17.3 
A,P_THAB,ED5-8,T,LU	: 	3.6 	3.5 	3.4 	3.9 	3.8 	4.0 	3.9 	4.2 	4.9 	5.6 	6.1 	5.6 
A,P_THAB,ED5-8,T,LV	: 	14.1 	13.1 	12.9 	12.7 	12.7 	13.8 	14.0 	14.1 	15.1 	14.7 	15.6 	: 
A,P_THAB,ED5-8,T,ME	: 	: 	: 	: 	: 	: d	: d	: d	: d	12.4 	: 	11.2 	9.4 
A,P_THAB,ED5-8,T,MK	: 	7.5 	8.3 	7.0 	7.7 	7.6 	7.7 	8.4 	6.4 	7.4 	9.8 	9.9 	10.5 
A,P_THAB,ED5-8,T,MT	: 	15.8 	15.7 	15.5 	13.9 	14.1 	12.4 	11.5 	10.4 	11.5 	11.7 	10.7 	9.7 
A,P_THAB,ED5-8,T,NL	: 	: 	: 	: d	: 	12.0 	12.8 	13.6 	13.8 	15.5 	15.4 	16.1 	: 
A,P_THAB,ED5-8,T,NO	: 	14.1 	14.6 	14.5 	14.2 	16.5 	16.6 	16.5 	16.8 	19.3 	18.4 	19.9 	21.2 
A,P_THAB,ED5-8,T,PL	: 	: d	20.5 d	21.4 	21.5 	23.6 	20.9 	20.1 	17.7 	18.8 	19.1 de	19.5 de	20.0 de
A,P_THAB,ED5-8,T,PT	: 	18.6 	17.8 	18.7 	19.3 	20.6 	20.5 	21.0 	21.8 	22.9 	22.6 	23.4 	: 
A,P_THAB,ED5-8,T,RO	: 	17.6 	16.6 	14.9 	14.4 	15.1 	15.9 	17.5 	18.4 	19.1 	18.6 	19.0 	19.0 
A,P_THAB,ED5-8,T,RS	: 	: 	14.9 	14.9 	15.1 	16.2 	15.5 	16.0 	16.5 	16.2 	16.0 	17.6 	18.4 
A,P_THAB,ED5-8,T,SE	: 	14.7 	14.7 	15.3 	15.5 	15.0 	14.9 	15.8 	17.2 	19.2 	20.7 	20.5 	: 
A,P_THAB,ED5-8,T,SI	: 	19.8 	19.8 	19.9 	33.3 	19.4 	20.7 	20.8 	20.5 	21.6 	22.4 	23.3 	23.3 
A,P_THAB,ED5-8,T,SK	: 	18.0 	17.2 	16.6 	15.8 	14.7 	13.9 	12.9 	13.0 	13.2 	13.2 	13.0 	13.9 
A,P_THAB,ED5-8,T,TR	: 	: 	: 	12.0 	12.1 	12.5 	13.0 	12.8 	13.0 	14.2 	12.6 	12.7 	: 
A,P_THAB,ED5-8,T,UK	: 	23.0 	22.8 	22.2 	22.9 d	23.7 d	25.2 d	26.2 d	: 	: 	: 	: 	: 
A,P_THAB,ED6,F,AL	: 	: 	: 	: 	: 	: 	: 	: 	: 	7.2 	8.2 	8.2 	: 
A,P_THAB,ED6,F,AT	: 	4.4 	4.8 	4.6 	4.8 	4.8 	4.8 	5.2 	5.2 	6.2 	5.8 	6.1 	6.1 
A,P_THAB,ED6,F,BE	: 	2.8 	3.3 	2.9 d	3.6 	3.1 	3.2 	3.4 	3.9 	4.1 	4.2 	4.4 	: 
A,P_THAB,ED6,F,BG	: 	7.0 	5.9 	6.4 	6.5 	6.3 	6.2 	6.4 	6.3 	7.0 	6.9 	7.2 	7.1 
A,P_THAB,ED6,F,CH	: 	3.7 	3.9 	4.6 	4.6 	4.6 	4.9 	5.3 	5.6 	5.9 	6.2 	6.8 	6.9 
A,P_THAB,ED6,F,CY	: 	3.1 	3.7 	5.0 	4.5 	4.3 	3.5 	3.5 	3.2 	3.1 	3.8 	4.0 	4.1 
A,P_THAB,ED6,F,CZ	: 	6.2 	6.1 	6.4 	6.5 	6.2 	6.0 	6.0 	5.9 	6.1 	5.9 	6.0 	: 
A,P_THAB,ED6,F,DE	: 	4.9 	5.3 	5.6 d	5.6 d	5.7 	5.7 	6.6 	6.2 	7.0 	6.8 	6.8 	6.9 
A,P_THAB,ED6,F,DK	: 	6.2 	6.4 	5.7 	6.5 	6.3 	6.2 	6.6 	6.9 	7.4 	7.5 	8.0 	8.0 
A,P_THAB,ED6,F,EE	: 	7.3 	5.8 	7.0 	7.0 	6.9 	6.5 	6.7 	7.4 	7.7 	7.0 	7.3 	7.6 
A,P_THAB,ED6,F,EL	: 	9.3 	9.3 	10.0 	9.8 	10.0 	9.9 	9.9 	10.1 	11.9 	12.4 	12.7 	12.8 
A,P_THAB,ED6,F,ES	: 	3.5 	4.6 	5.3 	5.3 	5.4 	5.3 	5.4 	5.6 	5.7 	5.4 	5.4 	5.4 
A,P_THAB,ED6,F,EU27_2020	: 	5.8 	5.9 	6.2 	6.3 	6.4 	6.3 d	6.6 	6.7 	7.0 	6.9 	7.1 	: 
A,P_THAB,ED6,F,EU28	: 	6.4 	6.7 	6.7 	6.8 	7.0 	7.1 d	7.4 	: 	: 	: 	: 	: 
A,P_THAB,ED6,F,FI	: 	6.7 	6.8 	7.3 	7.4 	6.5 	7.3 	7.7 	8.8 	9.3 	10.1 	11.0 	12.9 
A,P_THAB,ED6,F,FR	: 	: d	: d	4.8 	5.1 	5.6 	5.4 d	5.6 	6.1 	6.4 	6.0 	6.2 	6.3 
A,P_THAB,ED6,F,HR	: 	5.1 	5.3 	6.0 	6.9 	8.7 	8.4 	8.7 	9.8 	9.1 	8.7 	9.4 	8.8 
A,P_THAB,ED6,F,HU	: 	3.9 	4.7 	5.4 	5.4 	5.0 	4.8 	4.6 	10.9 d	5.1 	4.7 	5.8 	5.2 
A,P_THAB,ED6,F,IE	: 	4.9 	7.6 	11.2 	11.9 	12.1 	13.7 d	13.2 d	13.5 d	14.5 d	14.0 d	13.9 d	: 
A,P_THAB,ED6,F,IS	: 	8.0 	6.8 	8.2 	9.4 	10.6 	7.7 	9.6 	7.9 	10.3 	9.9 	9.3 	: 
A,P_THAB,ED6,F,IT	: 	5.9 	5.9 	5.6 	5.5 	5.8 	6.3 	6.5 	6.8 p	7.0 	6.9 	7.7 	8.2 
A,P_THAB,ED6,F,LI	: 	6.3 	8.9 	9.0 	4.5 	4.5 	3.2 	4.5 	6.6 	15.2 	5.9 	: 	: 
A,P_THAB,ED6,F,LT	: 	8.9 	8.2 	8.4 	8.0 	8.0 	9.4 	9.0 	8.1 	7.5 	6.8 	6.9 	6.7 
A,P_THAB,ED6,F,LU	: 	0.5 	0.8 	0.4 	1.0 	0.5 	0.4 	0.6 	0.7 	0.6 	0.8 	1.0 	0.8 
A,P_THAB,ED6,F,LV	: 	5.4 	5.2 	4.5 	4.5 	4.4 	5.2 	5.2 	4.9 	5.4 	5.7 	6.1 	: 
A,P_THAB,ED6,F,ME	: 	: 	: 	: 	: 	: d	: d	: d	: d	10.3 	: 	8.3 	6.9 
A,P_THAB,ED6,F,MK	: 	4.5 	5.3 	4.9 	5.7 	5.6 	5.5 	6.3 	4.9 	5.4 	7.3 	7.8 	8.2 
A,P_THAB,ED6,F,MT	: 	6.0 	5.2 	6.4 	5.3 	5.3 	5.4 	5.0 	4.2 	4.8 	4.7 	5.6 	5.0 
A,P_THAB,ED6,F,NL	: 	2.8 	2.9 	3.2 	3.4 	3.7 	4.0 	4.3 	4.6 	5.2 	5.5 	5.7 	: 
A,P_THAB,ED6,F,NO	: 	3.5 	3.8 	4.2 	4.2 	4.6 	4.3 	4.1 	4.2 	4.8 	4.7 	4.9 	4.9 
A,P_THAB,ED6,F,PL	: 	10.6 	10.9 d	11.5 	11.6 	11.8 	10.7 	10.0 	9.2 	9.6 	9.8 	10.0 	10.2 
A,P_THAB,ED6,F,PT	: 	8.1 	7.5 	7.8 	8.1 	8.3 	7.8 	7.8 	8.5 	9.4 	8.7 	8.4 	: 
A,P_THAB,ED6,F,RO	: 	8.9 	8.0 	7.4 	7.3 	7.7 	8.3 	9.4 	9.1 	9.6 	9.6 	10.0 	9.5 
A,P_THAB,ED6,F,RS	: 	: 	4.5 	4.6 	7.9 	8.6 	8.5 	9.1 	9.4 	10.1 	9.8 	10.2 	10.6 
A,P_THAB,ED6,F,SE	: 	3.2 	3.7 	3.9 	4.1 	4.0 	3.9 	3.9 	4.6 	4.8 	5.0 	4.8 	: 
A,P_THAB,ED6,F,SI	: 	6.4 	6.7 	7.1 	8.4 	7.5 	7.9 	7.2 	7.7 	7.9 	8.2 	8.8 	8.5 
A,P_THAB,ED6,F,SK	: 	6.5 	6.1 	5.4 	5.2 	4.6 	4.4 	3.9 	3.8 	4.1 	4.3 	4.0 	4.3 
A,P_THAB,ED6,F,TR	: 	: 	: 	5.1 	4.9 	5.2 	5.2 	5.5 	5.4 	5.9 	7.4 	4.9 	: 
A,P_THAB,ED6,F,UK	: 	10.0 	11.2 	10.1 	10.4 	10.9 	11.6 	12.1 	: 	: 	: 	: 	: 
A,P_THAB,ED6,M,AL	: 	: 	: 	: 	: 	: 	: 	: 	: 	9.0 	10.0 	10.2 	: 
A,P_THAB,ED6,M,AT	: 	9.1 	9.3 	9.3 	9.5 	9.3 	9.6 	10.0 	9.9 	10.7 	10.4 	10.0 	10.3 
A,P_THAB,ED6,M,BE	: 	10.7 	11.1 	10.5 d	11.4 	11.4 	11.7 	11.7 	12.7 	12.8 	12.3 	12.1 	: 
A,P_THAB,ED6,M,BG	: 	10.9 	10.3 	11.2 	11.0 	11.7 	11.2 	12.4 	11.8 	12.8 	13.5 	13.2 	12.6 
A,P_THAB,ED6,M,CH	: 	18.7 	19.3 	21.0 	21.2 	21.4 	21.7 	22.4 	21.5 	23.3 	23.3 	23.3 	24.1 
A,P_THAB,ED6,M,CY	: 	5.3 	5.7 	7.0 	7.0 	6.9 	6.5 	6.5 	6.3 	7.5 	7.3 	6.4 	6.4 
A,P_THAB,ED6,M,CZ	: 	12.1 	11.7 	11.5 	11.2 	10.5 	10.4 	9.9 	10.2 	10.3 	10.5 	10.8 	: 
A,P_THAB,ED6,M,DE	: 	15.8 	17.3 	18.4 d	17.3 d	16.7 	16.2 	22.5 	20.0 	21.2 	21.4 	21.1 	20.7 
A,P_THAB,ED6,M,DK	: 	12.3 	13.3 	12.9 	14.1 	13.1 	15.0 	15.1 	15.8 	16.3 	16.0 	16.6 	15.9 
A,P_THAB,ED6,M,EE	: 	11.7 	9.9 	10.4 	11.3 	11.4 	10.0 	10.7 	10.5 	13.5 	11.9 	11.4 	12.7 
A,P_THAB,ED6,M,EL	: 	15.5 	16.5 	16.9 	15.7 	15.4 	14.8 	14.4 	13.8 	16.9 	17.9 	19.4 	17.8 
A,P_THAB,ED6,M,ES	: 	8.5 	9.9 	11.4 	10.2 	10.5 	10.0 	10.1 	10.4 	10.4 	9.9 	9.7 	9.8 
A,P_THAB,ED6,M,EU27_2020	: 	11.7 	12.1 	12.6 	12.5 	12.4 	12.2 d	13.8 	13.8 	13.9 	13.8 	13.9 	: 
A,P_THAB,ED6,M,EU28	: 	12.3 	13.0 	13.0 	12.9 	13.0 	12.9 d	14.2 	: 	: 	: 	: 	: 
A,P_THAB,ED6,M,FI	: 	20.4 	20.5 	22.4 	22.5 	20.2 	22.3 	23.0 	23.0 	22.4 	22.3 	23.3 	26.0 
A,P_THAB,ED6,M,FR	: 	: d	: d	8.5 	8.8 	8.9 	9.2 d	9.4 	10.0 	9.7 	9.6 	9.4 	10.4 
A,P_THAB,ED6,M,HR	: 	11.6 	11.0 	12.2 	12.6 	14.0 	14.3 	15.6 	15.9 	14.8 	14.2 	14.8 	14.8 
A,P_THAB,ED6,M,HU	: 	9.4 	10.0 	11.2 	11.8 	11.1 	11.2 	11.9 	27.2 d	13.2 	12.3 	16.1 	13.7 
A,P_THAB,ED6,M,IE	: 	14.6 	25.4 	28.9 	30.5 	30.7 	30.3 d	29.5 d	30.6 d	30.2 d	27.0 d	26.3 d	: 
A,P_THAB,ED6,M,IS	: 	13.8 	15.5 	16.4 	18.3 	15.6 	13.5 	13.5 	13.3 	12.6 	14.1 	13.5 	: 
A,P_THAB,ED6,M,IT	: 	8.7 	8.8 	8.7 	8.9 	9.1 	9.8 	10.3 	10.5 p	10.7 	10.7 	11.5 	12.4 
A,P_THAB,ED6,M,LI	: 	10.1 	3.9 	3.9 	5.2 	5.2 	3.4 	3.0 	5.3 	10.7 	4.1 	: 	: 
A,P_THAB,ED6,M,LT	: 	25.0 	20.4 	20.0 	20.5 	21.3 	21.8 	22.1 	20.7 	20.6 	18.0 	19.0 	17.4 
A,P_THAB,ED6,M,LU	: 	1.9 	1.9 	1.8 	2.0 	2.1 	1.9 	1.9 	1.9 	2.3 	2.4 	2.3 	1.9 
A,P_THAB,ED6,M,LV	: 	10.7 	9.4 	9.2 	9.4 	9.0 	9.8 	9.8 	10.0 	10.8 	10.4 	12.2 	: 
A,P_THAB,ED6,M,ME	: 	: 	: 	: 	: 	: d	: d	: d	: d	11.4 	: 	10.1 	7.4 
A,P_THAB,ED6,M,MK	: 	7.3 	7.6 	6.0 	6.2 	6.2 	6.3 	6.9 	4.9 	6.0 	8.0 	7.2 	8.3 
A,P_THAB,ED6,M,MT	: 	12.5 	13.2 	12.9 	11.6 	11.8 	11.2 	10.6 	9.9 	10.7 	10.3 	9.3 	7.8 
A,P_THAB,ED6,M,NL	: 	9.7 	9.9 	9.9 	10.0 	10.4 	10.8 	11.3 	11.4 	12.5 	12.1 	12.2 	: 
A,P_THAB,ED6,M,NO	: 	8.3 	8.7 	8.8 	9.2 	10.0 	10.2 	10.2 	10.1 	11.6 	10.1 	10.7 	11.5 
A,P_THAB,ED6,M,PL	: 	14.8 	15.1 d	15.6 	15.4 	16.2 	14.9 	14.6 	13.3 	14.5 	14.9 	15.4 	16.4 
A,P_THAB,ED6,M,PT	: 	14.2 	13.3 	13.6 	13.8 	13.9 	13.4 	14.1 	15.2 	15.5 	15.6 	15.1 	: 
A,P_THAB,ED6,M,RO	: 	12.9 	11.5 	10.7 	10.9 	11.6 	11.9 	13.2 	14.1 	14.4 	14.0 	14.7 	14.6 
A,P_THAB,ED6,M,RS	: 	: 	8.8 	8.3 	12.6 	14.0 	12.9 	13.0 	13.2 	12.9 	11.5 	12.9 	13.4 
A,P_THAB,ED6,M,SE	: 	5.2 	5.8 	6.0 	5.9 	5.6 	5.7 	5.6 	6.1 	7.0 	6.8 	6.3 	: 
A,P_THAB,ED6,M,SI	: 	12.2 	13.4 	13.9 	22.4 	12.6 	13.1 	13.7 	13.4 	13.3 	14.2 	14.6 	14.1 
A,P_THAB,ED6,M,SK	: 	10.5 	9.8 	10.0 	9.4 	8.4 	8.2 	7.8 	7.9 	8.7 	9.4 	8.4 	9.1 
A,P_THAB,ED6,M,TR	: 	: 	: 	7.2 	7.5 	7.9 	8.2 	8.7 	9.5 	10.6 	6.9 	8.1 	: 
A,P_THAB,ED6,M,UK	: 	16.2 	18.1 	15.8 	15.8 	16.6 	16.9 	17.0 	: 	: 	: 	: 	: 
A,P_THAB,ED6,T,AL	: 	: 	: 	: 	: 	: 	: 	: 	: 	8.1 	9.1 	9.2 	: 
A,P_THAB,ED6,T,AT	: 	6.8 	7.1 	7.0 	7.2 	7.1 	7.2 	7.7 	7.6 	8.5 	8.2 	8.1 	8.3 
A,P_THAB,ED6,T,BE	: 	6.8 	7.2 	6.7 d	7.5 	7.3 	7.5 	7.6 	8.4 	8.5 	8.3 	8.3 	: 
A,P_THAB,ED6,T,BG	: 	9.0 	8.2 	8.9 	8.8 	9.1 	8.8 	9.5 	9.2 	10.0 	10.3 	10.3 	9.9 
A,P_THAB,ED6,T,CH	: 	11.3 	11.7 	12.9 	13.0 	13.2 	13.5 	14.0 	13.7 	14.8 	15.0 	15.3 	15.7 
A,P_THAB,ED6,T,CY	: 	4.2 	4.7 	6.0 	5.7 	5.6 	5.0 	4.9 	4.7 	5.3 	5.6 	5.2 	5.3 
A,P_THAB,ED6,T,CZ	: 	9.2 	9.0 	9.0 	8.9 	8.4 	8.3 	8.0 	8.1 	8.3 	8.3 	8.4 	: 
A,P_THAB,ED6,T,DE	: 	10.5 	11.5 	12.2 d	11.7 d	11.5 	11.2 	14.9 	13.4 	14.4 	14.4 	14.2 	14.1 
A,P_THAB,ED6,T,DK	: 	9.3 	9.9 	9.4 	10.4 	9.8 	10.7 	11.0 	11.5 	11.9 	11.9 	12.4 	12.1 
A,P_THAB,ED6,T,EE	: 	9.6 	7.9 	8.8 	9.2 	9.2 	8.3 	8.8 	9.0 	10.7 	9.5 	9.4 	10.2 
A,P_THAB,ED6,T,EL	: 	12.5 	13.0 	13.5 	12.8 	12.8 	12.4 	12.2 	12.0 	14.5 	15.3 	16.2 	15.3 
A,P_THAB,ED6,T,ES	: 	6.0 	7.3 	8.4 	7.8 	8.0 	7.7 	7.8 	8.1 	8.1 	7.7 	7.6 	7.7 
A,P_THAB,ED6,T,EU27_2020	: 	8.8 	9.1 	9.5 	9.4 	9.5 	9.3 d	10.3 	10.4 	10.6 	10.5 	10.6 	: 
A,P_THAB,ED6,T,EU28	: 	9.4 	9.9 	9.9 	9.9 	10.1 	10.1 d	10.9 	: 	: 	: 	: 	: 
A,P_THAB,ED6,T,FI	: 	13.7 	13.9 	15.0 	15.1 	13.5 	15.0 	15.6 	16.1 	16.1 	16.4 	17.4 	19.7 
A,P_THAB,ED6,T,FR	: 	: d	: d	6.7 	6.9 	7.3 	7.3 d	7.5 	8.1 	8.1 	7.8 	7.8 	8.4 
A,P_THAB,ED6,T,HR	: 	8.4 	8.2 	9.1 	9.8 	11.3 	11.3 	12.2 	12.9 	12.0 	11.5 	12.2 	11.9 
A,P_THAB,ED6,T,HU	: 	6.7 	7.4 	8.4 	8.7 	8.1 	8.1 	8.4 	19.3 d	9.3 	8.6 	11.1 	9.6 
A,P_THAB,ED6,T,IE	: 	9.7 	16.4 	19.9 	21.1 	21.4 	22.1 d	21.4 d	22.1 d	22.4 d	20.6 d	20.1 d	: 
A,P_THAB,ED6,T,IS	: 	11.0 	11.3 	12.4 	14.0 	13.2 	10.8 	11.7 	10.7 	11.5 	12.1 	11.5 	: 
A,P_THAB,ED6,T,IT	: 	7.3 	7.4 	7.2 	7.3 	7.5 	8.1 	8.4 	8.8 p	9.0 	8.9 	9.6 	10.4 
A,P_THAB,ED6,T,LI	: 	8.2 	6.4 	6.4 	4.9 	4.9 	3.3 	3.7 	6.0 	12.9 	5.0 	: 	: 
A,P_THAB,ED6,T,LT	: 	17.1 	14.5 	14.3 	14.4 	14.8 	15.7 	15.6 	14.5 	14.2 	12.6 	13.1 	12.3 
A,P_THAB,ED6,T,LU	: 	1.2 	1.4 	1.1 	1.5 	1.3 	1.2 	1.3 	1.3 	1.5 	1.6 	1.7 	1.3 
A,P_THAB,ED6,T,LV	: 	8.1 	7.4 	7.0 	7.0 	6.8 	7.6 	7.6 	7.6 	8.2 	8.2 	9.2 	: 
A,P_THAB,ED6,T,ME	: 	: 	: 	: 	: 	: d	: d	: d	: d	10.9 	: 	9.2 	7.2 
A,P_THAB,ED6,T,MK	: 	5.9 	6.4 	5.5 	6.0 	5.9 	5.9 	6.6 	4.9 	5.7 	7.7 	7.5 	8.3 
A,P_THAB,ED6,T,MT	: 	9.4 	9.4 	9.8 	8.6 	8.6 	8.5 	8.0 	7.3 	8.1 	7.8 	7.7 	6.6 
A,P_THAB,ED6,T,NL	: 	6.3 	6.4 	6.6 	6.8 	7.1 	7.4 	7.9 	8.1 	8.9 	8.8 	9.0 	: 
A,P_THAB,ED6,T,NO	: 	5.9 	6.3 	6.6 	6.8 	7.4 	7.3 	7.2 	7.3 	8.3 	7.4 	7.9 	8.3 
A,P_THAB,ED6,T,PL	: 	12.7 	13.0 d	13.6 	13.5 	14.0 	12.9 	12.4 	11.3 	12.1 	12.4 	12.7 	13.3 
A,P_THAB,ED6,T,PT	: 	11.1 	10.4 	10.7 	11.0 	11.1 	10.6 	10.9 	11.9 	12.5 	12.2 	11.8 	: 
A,P_THAB,ED6,T,RO	: 	10.9 	9.8 	9.1 	9.1 	9.7 	10.2 	11.4 	11.7 	12.0 	11.9 	12.4 	12.2 
A,P_THAB,ED6,T,RS	: 	: 	6.7 	6.5 	10.4 	11.4 	10.8 	11.1 	11.4 	11.5 	10.7 	11.6 	12.0 
A,P_THAB,ED6,T,SE	: 	4.2 	4.8 	4.9 	5.0 	4.9 	4.8 	4.8 	5.4 	5.9 	5.9 	5.6 	: 
A,P_THAB,ED6,T,SI	: 	9.4 	10.2 	10.6 	15.6 	10.1 	10.6 	10.6 	10.8 	10.8 	11.4 	11.9 	11.5 
A,P_THAB,ED6,T,SK	: 	8.5 	8.0 	7.8 	7.3 	6.5 	6.3 	5.9 	5.9 	6.5 	6.9 	6.3 	6.7 
A,P_THAB,ED6,T,TR	: 	: 	: 	6.2 	6.3 	6.6 	6.7 	7.1 	7.5 	8.3 	7.2 	6.5 	: 
A,P_THAB,ED6,T,UK	: 	13.1 	14.7 	13.0 	13.2 	13.8 	14.3 	14.6 	: 	: 	: 	: 	: 
A,P_THAB,ED7,F,AL	: 	: 	: 	: 	: 	: 	: 	: 	: 	3.9 	4.5 	4.8 	: 
A,P_THAB,ED7,F,AT	: 	3.7 	3.9 	3.4 	3.9 	3.7 	4.0 	4.1 	4.1 	4.5 	4.7 	4.9 	5.2 
A,P_THAB,ED7,F,BE	: 	3.1 	3.6 	3.6 	3.7 	3.6 	3.4 	3.5 	3.8 	4.3 	4.1 	4.6 	: 
A,P_THAB,ED7,F,BG	: 	4.4 	4.7 	5.4 	5.0 	5.2 	4.9 	4.7 	4.5 	4.9 	5.1 	4.6 	5.8 
A,P_THAB,ED7,F,CH	: 	2.6 	2.8 	3.3 	3.2 	3.4 	3.5 	3.7 	3.8 	4.4 	4.6 	4.9 	5.2 
A,P_THAB,ED7,F,CY	: 	2.0 	2.0 	2.9 	3.4 	2.9 	2.9 	2.8 	2.3 	2.4 	2.8 	3.4 	3.6 
A,P_THAB,ED7,F,CZ	: 	4.5 	4.3 	5.2 	5.2 	5.3 	5.5 	5.4 	5.5 	5.3 	5.2 	5.0 	: 
A,P_THAB,ED7,F,DE	: 	4.3 	4.6 	4.8 	4.8 	5.1 	5.2 	5.5 	5.3 	6.0 	6.3 	6.4 	6.7 
A,P_THAB,ED7,F,DK	: 	4.6 	5.1 	5.4 	7.4 	7.6 	7.3 	7.8 	7.4 	8.9 	8.4 	9.1 	9.2 
A,P_THAB,ED7,F,EE	: 	4.8 	4.5 	5.4 	5.2 	5.4 	5.6 	6.3 	6.7 	6.7 	7.1 	6.7 	7.3 
A,P_THAB,ED7,F,EL	: 	2.6 	2.6 	2.9 	3.4 	4.0 	4.3 	4.2 	3.9 	4.6 	5.1 	6.1 	5.6 
A,P_THAB,ED7,F,ES	: 	5.6 	5.0 	5.1 	4.3 	4.2 	3.9 	3.8 	4.1 	4.0 	4.1 	4.0 	4.4 
A,P_THAB,ED7,F,EU27_2020	: 	4.9 	5.0 	5.2 	5.3 	5.5 	5.5 d	5.6 	5.7 	6.1 	6.2 	6.5 	: 
A,P_THAB,ED7,F,EU28	: 	4.8 	4.9 	5.1 	5.2 	5.4 	5.5 d	5.8 	: 	: 	: 	: 	: 
A,P_THAB,ED7,F,FI	: 	5.0 	4.8 	5.1 	5.1 	5.2 	5.2 	5.3 	6.5 	6.0 	6.6 	7.9 	9.2 
A,P_THAB,ED7,F,FR	: 	: d	: d	7.0 	7.3 	7.2 	7.3 d	7.5 	8.1 	8.5 	8.6 	9.3 	9.1 
A,P_THAB,ED7,F,HR	: 	5.1 	5.6 	5.6 	6.2 	6.1 	6.1 	6.7 	7.3 	7.8 	7.8 	7.9 	7.5 
A,P_THAB,ED7,F,HU	: 	2.3 	2.4 	2.3 	2.7 	2.7 	2.9 	2.7 	3.1 d	2.6 	2.6 	2.8 	2.6 
A,P_THAB,ED7,F,IE	: 	1.8 	2.5 	3.9 	3.8 	4.4 	5.4 d	6.4 d	7.5 d	8.1 d	10.4 d	10.2 d	: 
A,P_THAB,ED7,F,IS	: 	2.4 	4.3 	2.8 	3.3 	2.7 	3.8 	4.0 	3.2 	3.4 	3.4 	5.3 	: 
A,P_THAB,ED7,F,IT	: 	4.7 	4.8 	5.0 	5.0 	5.3 	5.6 	6.3 	6.1 p	6.9 	7.2 	7.9 	8.3 
A,P_THAB,ED7,F,LI	: 	4.5 	1.3 	1.4 	6.3 	6.3 	5.0 	5.4 	6.6 	7.2 	6.8 	: 	: 
A,P_THAB,ED7,F,LT	: 	3.8 	3.5 	3.1 	3.0 	3.4 	3.4 	3.2 	3.7 	4.0 	4.1 	3.7 	4.3 
A,P_THAB,ED7,F,LU	: 	1.5 	1.0 	0.8 	0.7 	0.5 	0.7 	0.7 	1.1 	1.4 	1.2 	1.6 	1.6 
A,P_THAB,ED7,F,LV	: 	3.0 	2.8 	2.8 	2.8 	2.8 	2.6 	2.7 	3.3 	3.5 	3.0 	3.4 	: 
A,P_THAB,ED7,F,ME	: 	: 	: 	: 	: 	: d	: d	: d	: d	1.8 	: 	2.1 	2.8 
A,P_THAB,ED7,F,MK	: 	1.3 	1.6 	1.5 	1.7 	1.8 	1.9 	1.8 	1.6 	1.8 	2.1 	2.6 	2.2 
A,P_THAB,ED7,F,MT	: 	2.5 	2.8 	2.1 	1.4 	1.9 	2.5 	2.0 	2.2 	2.2 	2.6 	2.1 	2.1 
A,P_THAB,ED7,F,NL	: 	1.7 	1.9 	2.6 	2.7 	3.0 	3.5 	3.6 	3.7 	4.4 	4.4 	4.9 	: 
A,P_THAB,ED7,F,NO	: 	3.7 	3.6 	3.6 	3.2 	4.2 	4.8 	4.7 	4.9 	5.4 	5.8 	6.0 	6.4 
A,P_THAB,ED7,F,PL	: 	6.1 	6.7 	7.3 	7.5 	8.9 	7.5 	7.0 	5.8 	6.1 	5.8 	5.6 	5.4 
A,P_THAB,ED7,F,PT	: 	5.5 	5.5 	6.1 	6.2 	6.4 	6.5 	6.6 	6.4 	7.0 	6.9 	7.8 	: 
A,P_THAB,ED7,F,RO	: 	5.5 	5.9 	5.1 	4.7 	5.0 	5.4 	5.8 	6.6 	6.9 	6.5 	6.2 	6.4 
A,P_THAB,ED7,F,RS	: 	: 	7.1 	7.2 	4.3 	4.0 	4.3 	4.2 	4.6 	4.3 	5.1 	5.7 	6.2 
A,P_THAB,ED7,F,SE	: 	4.3 	4.4 	4.7 	5.0 	4.7 	4.9 	5.6 	6.0 	6.7 	6.6 	6.8 	: 
A,P_THAB,ED7,F,SI	: 	4.0 	3.7 	4.1 	7.9 	4.0 	4.7 	4.8 	4.8 	5.0 	5.2 	5.6 	5.8 
A,P_THAB,ED7,F,SK	: 	6.0 	6.0 	5.7 	5.7 	5.3 	4.8 	4.4 	4.6 	4.0 	3.9 	4.0 	4.1 
A,P_THAB,ED7,F,TR	: 	: 	: 	0.6 	0.7 	0.7 	0.9 	1.5 	0.9 	0.9 	1.3 	1.4 	: 
A,P_THAB,ED7,F,UK	: 	4.5 	4.3 	4.5 	4.7 	4.9 	5.9 	6.6 	: 	: 	: 	: 	: 
A,P_THAB,ED7,M,AL	: 	: 	: 	: 	: 	: 	: 	: 	: 	4.7 	4.5 	4.8 	: 
A,P_THAB,ED7,M,AT	: 	7.4 	8.0 	7.3 	7.6 	7.3 	7.8 	7.9 	8.1 	8.3 	8.1 	8.4 	8.7 
A,P_THAB,ED7,M,BE	: 	7.7 	8.4 	7.7 	8.0 	7.7 	7.6 	7.7 	8.2 	8.1 	7.8 	8.6 	: 
A,P_THAB,ED7,M,BG	: 	5.8 	6.2 	7.3 	6.5 	7.0 	6.9 	6.9 	6.3 	7.0 	6.9 	6.8 	7.4 
A,P_THAB,ED7,M,CH	: 	6.7 	7.1 	7.1 	7.4 	7.6 	8.0 	8.2 	8.2 	9.3 	8.9 	9.6 	10.1 
A,P_THAB,ED7,M,CY	: 	1.5 	1.9 	2.7 	2.9 	3.3 	2.9 	3.7 	3.3 	3.3 	4.3 	4.4 	4.7 
A,P_THAB,ED7,M,CZ	: 	9.1 	8.9 	9.4 	9.1 	9.3 	8.9 	8.7 	8.6 	8.0 	7.8 	8.1 	: 
A,P_THAB,ED7,M,DE	: 	7.8 	8.5 	9.0 	9.1 	9.9 	10.0 	10.2 	9.5 	10.1 	10.4 	10.5 	10.6 
A,P_THAB,ED7,M,DK	: 	7.2 	7.3 	8.3 	10.4 	10.1 	10.2 	9.8 	9.8 	11.3 	11.1 	11.8 	11.2 
A,P_THAB,ED7,M,EE	: 	5.9 	5.4 	6.6 	7.2 	7.5 	7.3 	7.4 	8.3 	9.1 	7.8 	7.2 	7.8 
A,P_THAB,ED7,M,EL	: 	3.0 	3.0 	3.3 	4.1 	4.9 	5.2 	4.7 	4.7 	5.0 	5.6 	5.8 	5.5 
A,P_THAB,ED7,M,ES	: 	8.0 	7.7 	7.4 	6.6 	6.5 	5.8 	5.8 	6.3 	6.1 	6.4 	6.3 	6.7 
A,P_THAB,ED7,M,EU27_2020	: 	7.8 	8.0 	8.1 	8.3 	8.6 	8.6 d	8.9 	8.8 	9.3 	9.3 	9.6 	: 
A,P_THAB,ED7,M,EU28	: 	7.7 	7.7 	7.9 	8.0 	8.3 	8.4 d	8.6 	: 	: 	: 	: 	: 
A,P_THAB,ED7,M,FI	: 	9.0 	9.5 	9.7 	10.5 	10.2 	9.9 	10.8 	11.9 	10.9 	11.2 	12.6 	14.4 
A,P_THAB,ED7,M,FR	: 	: d	: d	12.8 	13.2 	13.1 	13.6 d	14.2 	14.8 	15.6 	15.1 	15.6 	15.3 
A,P_THAB,ED7,M,HR	: 	8.0 	8.0 	9.3 	8.8 	9.2 	10.0 	10.6 	10.7 	12.1 	11.2 	10.4 	10.0 
A,P_THAB,ED7,M,HU	: 	3.9 	4.2 	4.3 	4.5 	4.5 	4.5 	4.5 	5.2 d	4.6 	4.7 	4.8 	4.7 
A,P_THAB,ED7,M,IE	: 	5.0 	5.5 	7.7 	7.4 	8.6 	9.8 d	11.7 d	14.2 d	14.2 d	15.7 d	15.5 d	: 
A,P_THAB,ED7,M,IS	: 	3.3 	3.9 	3.6 	3.4 	4.1 	3.7 	3.2 	3.3 	3.9 	3.8 	3.5 	: 
A,P_THAB,ED7,M,IT	: 	6.4 	6.4 	6.4 	6.5 	6.9 	7.6 	8.1 	8.0 p	9.1 	9.1 	9.7 	9.8 
A,P_THAB,ED7,M,LI	: 	4.0 	8.7 	8.7 	6.5 	6.5 	2.1 	4.3 	7.1 	4.0 	1.4 	: 	: 
A,P_THAB,ED7,M,LT	: 	5.9 	5.1 	5.3 	4.9 	5.5 	5.3 	5.5 	5.2 	5.5 	5.4 	5.1 	4.6 
A,P_THAB,ED7,M,LU	: 	2.0 	1.6 	1.4 	1.5 	1.2 	1.6 	1.6 	1.6 	1.6 	1.8 	2.4 	2.4 
A,P_THAB,ED7,M,LV	: 	4.2 	3.8 	4.0 	3.6 	4.1 	3.9 	3.7 	4.9 	5.2 	4.2 	4.0 	: 
A,P_THAB,ED7,M,ME	: 	: 	: 	: 	: 	: d	: d	: d	: d	1.2 	: 	1.6 	1.7 
A,P_THAB,ED7,M,MK	: 	1.5 	1.8 	1.2 	1.6 	1.5 	1.5 	1.5 	1.2 	1.2 	1.7 	1.9 	1.8 
A,P_THAB,ED7,M,MT	: 	4.3 	3.8 	3.0 	3.2 	3.0 	3.6 	3.5 	2.3 	3.1 	3.7 	2.7 	2.8 
A,P_THAB,ED7,M,NL	: 	4.0 	4.1 	4.6 	4.9 	5.2 	5.6 	6.0 	6.0 	7.0 	6.8 	7.3 	: 
A,P_THAB,ED7,M,NO	: 	5.4 	5.7 	5.7 	4.8 	7.2 	7.1 	7.2 	7.4 	8.2 	8.4 	9.1 	9.2 
A,P_THAB,ED7,M,PL	: 	7.4 	7.7 	7.7 	7.9 	9.8 	8.1 	7.7 	6.6 	6.7 	6.7 	7.0 	7.1 
A,P_THAB,ED7,M,PT	: 	7.7 	7.5 	8.2 	8.5 	8.9 	9.0 	9.0 	8.9 	9.0 	9.1 	10.0 	: 
A,P_THAB,ED7,M,RO	: 	6.4 	6.6 	5.5 	5.2 	5.3 	5.6 	5.8 	6.4 	6.5 	6.4 	6.3 	6.3 
A,P_THAB,ED7,M,RS	: 	: 	8.5 	8.7 	4.2 	4.4 	3.9 	4.5 	4.6 	4.3 	4.8 	5.3 	5.6 
A,P_THAB,ED7,M,SE	: 	8.6 	7.9 	8.2 	8.2 	7.5 	7.6 	8.4 	8.7 	9.5 	9.1 	9.0 	: 
A,P_THAB,ED7,M,SI	: 	6.5 	6.5 	6.2 	13.5 	6.2 	6.6 	6.2 	5.9 	6.7 	6.6 	7.2 	6.7 
A,P_THAB,ED7,M,SK	: 	10.6 	10.1 	9.7 	9.2 	9.1 	8.5 	7.8 	7.9 	7.5 	6.9 	7.4 	8.3 
A,P_THAB,ED7,M,TR	: 	: 	: 	0.8 	0.8 	0.9 	1.2 	1.6 	1.0 	1.1 	1.3 	1.6 	: 
A,P_THAB,ED7,M,UK	: 	6.7 	6.3 	6.4 	6.4 	6.3 	6.9 	7.2 	: 	: 	: 	: 	: 
A,P_THAB,ED7,T,AL	: 	: 	: 	: 	: 	: 	: 	: 	: 	4.3 	4.5 	4.8 	: 
A,P_THAB,ED7,T,AT	: 	5.6 	6.0 	5.4 	5.8 	5.6 	5.9 	6.1 	6.1 	6.4 	6.4 	6.7 	7.0 
A,P_THAB,ED7,T,BE	: 	5.4 	6.0 	5.7 	5.9 	5.6 	5.5 	5.6 	6.1 	6.2 	6.0 	6.7 	: 
A,P_THAB,ED7,T,BG	: 	5.1 	5.5 	6.4 	5.8 	6.1 	5.9 	5.8 	5.4 	6.0 	6.0 	5.7 	6.6 
A,P_THAB,ED7,T,CH	: 	4.7 	5.0 	5.2 	5.3 	5.5 	5.8 	6.0 	6.1 	6.9 	6.8 	7.3 	7.7 
A,P_THAB,ED7,T,CY	: 	1.8 	2.0 	2.8 	3.1 	3.1 	2.9 	3.2 	2.8 	2.8 	3.5 	3.9 	4.1 
A,P_THAB,ED7,T,CZ	: 	6.9 	6.7 	7.3 	7.2 	7.4 	7.3 	7.1 	7.1 	6.7 	6.6 	6.6 	: 
A,P_THAB,ED7,T,DE	: 	6.1 	6.6 	7.0 	7.1 	7.6 	7.7 	8.0 	7.5 	8.1 	8.4 	8.5 	8.7 
A,P_THAB,ED7,T,DK	: 	5.9 	6.2 	6.9 	8.9 	8.8 	8.8 	8.8 	8.6 	10.1 	9.8 	10.5 	10.2 
A,P_THAB,ED7,T,EE	: 	5.4 	5.0 	6.0 	6.2 	6.5 	6.5 	6.9 	7.5 	8.0 	7.5 	6.9 	7.5 
A,P_THAB,ED7,T,EL	: 	2.8 	2.8 	3.1 	3.8 	4.4 	4.7 	4.5 	4.3 	4.8 	5.4 	6.0 	5.5 
A,P_THAB,ED7,T,ES	: 	6.8 	6.4 	6.3 	5.5 	5.4 	4.9 	4.8 	5.2 	5.1 	5.3 	5.2 	5.6 
A,P_THAB,ED7,T,EU27_2020	: 	6.4 	6.5 	6.7 	6.8 	7.1 	7.1 d	7.3 	7.3 	7.8 	7.8 	8.1 	: 
A,P_THAB,ED7,T,EU28	: 	6.3 	6.4 	6.5 	6.6 	6.9 	7.0 d	7.2 	: 	: 	: 	: 	: 
A,P_THAB,ED7,T,FI	: 	7.0 	7.2 	7.4 	7.9 	7.7 	7.6 	8.2 	9.3 	8.5 	9.0 	10.3 	11.9 
A,P_THAB,ED7,T,FR	: 	: d	: d	9.9 	10.3 	10.2 	10.4 d	10.9 	11.4 	12.0 	11.9 	12.5 	12.3 
A,P_THAB,ED7,T,HR	: 	6.6 	6.8 	7.5 	7.5 	7.6 	8.0 	8.7 	9.0 	10.0 	9.6 	9.2 	8.8 
A,P_THAB,ED7,T,HU	: 	3.1 	3.3 	3.3 	3.6 	3.6 	3.7 	3.6 	4.2 d	3.6 	3.7 	3.8 	3.7 
A,P_THAB,ED7,T,IE	: 	3.4 	4.0 	5.8 	5.6 	6.5 	7.6 d	9.1 d	10.9 d	11.2 d	13.1 d	12.9 d	: 
A,P_THAB,ED7,T,IS	: 	2.9 	4.1 	3.2 	3.3 	3.5 	3.8 	3.6 	3.2 	3.6 	3.6 	4.3 	: 
A,P_THAB,ED7,T,IT	: 	5.6 	5.6 	5.7 	5.8 	6.2 	6.6 	7.2 	7.1 p	8.1 	8.2 	8.8 	9.1 
A,P_THAB,ED7,T,LI	: 	4.2 	5.1 	5.1 	6.4 	6.4 	3.5 	4.8 	6.9 	5.6 	4.1 	: 	: 
A,P_THAB,ED7,T,LT	: 	4.9 	4.3 	4.2 	4.0 	4.5 	4.4 	4.3 	4.4 	4.8 	4.8 	4.4 	4.5 
A,P_THAB,ED7,T,LU	: 	1.7 	1.3 	1.1 	1.1 	0.8 	1.2 	1.2 	1.4 	1.5 	1.5 	2.0 	2.0 
A,P_THAB,ED7,T,LV	: 	3.6 	3.3 	3.4 	3.3 	3.5 	3.3 	3.2 	4.1 	4.4 	3.6 	3.7 	: 
A,P_THAB,ED7,T,ME	: 	: 	: 	: 	: 	: d	: d	: d	: d	1.5 	: 	1.9 	2.2 
A,P_THAB,ED7,T,MK	: 	1.4 	1.7 	1.4 	1.7 	1.6 	1.7 	1.7 	1.4 	1.5 	1.9 	2.2 	2.0 
A,P_THAB,ED7,T,MT	: 	3.4 	3.3 	2.6 	2.4 	2.5 	3.1 	2.8 	2.3 	2.7 	3.2 	2.4 	2.5 
A,P_THAB,ED7,T,NL	: 	2.9 	3.0 	3.6 	3.9 	4.1 	4.6 	4.8 	4.9 	5.7 	5.6 	6.1 	: 
A,P_THAB,ED7,T,NO	: 	4.6 	4.7 	4.6 	4.0 	5.7 	6.0 	6.0 	6.2 	6.8 	7.2 	7.6 	7.8 
A,P_THAB,ED7,T,PL	: 	6.8 	7.2 	7.5 	7.7 	9.3 	7.8 	7.4 	6.2 	6.4 	6.3 	6.3 	6.3 
A,P_THAB,ED7,T,PT	: 	6.6 	6.5 	7.2 	7.3 	7.6 	7.8 	7.8 	7.7 	8.0 	8.1 	8.9 	: 
A,P_THAB,ED7,T,RO	: 	5.9 	6.3 	5.3 	4.9 	5.2 	5.5 	5.8 	6.5 	6.7 	6.4 	6.3 	6.3 
A,P_THAB,ED7,T,RS	: 	: 	7.8 	8.0 	4.2 	4.2 	4.1 	4.4 	4.6 	4.3 	5.0 	5.5 	5.9 
A,P_THAB,ED7,T,SE	: 	6.5 	6.2 	6.5 	6.6 	6.1 	6.3 	7.1 	7.4 	8.2 	7.9 	8.0 	: 
A,P_THAB,ED7,T,SI	: 	5.3 	5.2 	5.2 	10.8 	5.1 	5.7 	5.5 	5.4 	5.9 	6.0 	6.5 	6.3 
A,P_THAB,ED7,T,SK	: 	8.3 	8.1 	7.7 	7.5 	7.2 	6.7 	6.2 	6.3 	5.8 	5.4 	5.8 	6.2 
A,P_THAB,ED7,T,TR	: 	: 	: 	0.7 	0.8 	0.8 	1.1 	1.5 	0.9 	1.0 	1.3 	1.5 	: 
A,P_THAB,ED7,T,UK	: 	5.6 	5.3 	5.5 	5.6 	5.6 	6.4 	6.9 	: 	: 	: 	: 	: 
A,P_THAB,ED8,F,AL	: 	: 	: 	: 	: 	: 	: 	: 	: 	0.1 	0.3 	0.0 	: 
A,P_THAB,ED8,F,AT	: 	0.6 	0.6 	0.5 	0.6 	0.6 	0.6 	0.6 	0.6 	0.6 	0.6 	0.6 	0.8 
A,P_THAB,ED8,F,BE	: 	0.5 	0.5 	0.6 	0.6 	0.5 	0.6 	0.6 	0.6 	0.7 	0.7 	0.8 	: 
A,P_THAB,ED8,F,BG	: 	0.4 	0.5 	0.5 	0.5 	0.6 	0.5 	0.5 	0.4 	0.5 	0.5 	0.4 	0.5 
A,P_THAB,ED8,F,CH	: 	1.0 	1.1 	1.3 	1.3 	1.5 	1.4 	1.5 	1.6 	1.5 	1.6 	1.7 	1.7 
A,P_THAB,ED8,F,CY	: 	0.2 	0.2 	0.2 	0.3 	0.2 	0.2 	0.3 	0.3 	0.4 	0.3 	0.7 	0.4 
A,P_THAB,ED8,F,CZ	: 	0.6 	0.6 	0.6 	0.6 	0.7 	0.7 	0.8 	0.6 	0.7 	0.8 	0.8 	: 
A,P_THAB,ED8,F,DE	: 	0.9 	0.9 	0.9 	0.9 	0.9 	0.9 	0.9 	0.8 	0.9 	0.9 	0.9 	1.0 
A,P_THAB,ED8,F,DK	: 	0.8 	0.8 	0.9 	0.9 	0.8 	0.8 	0.8 	0.7 	0.8 	0.8 	0.7 	1.0 
A,P_THAB,ED8,F,EE	: 	0.7 	0.5 	0.6 	0.7 	0.9 	0.8 	0.8 	0.8 	0.8 	1.0 	0.7 	1.0 
A,P_THAB,ED8,F,EL	: 	0.3 	0.4 	0.4 	0.5 	0.5 	0.4 	0.5 	0.5 	0.6 	0.5 	0.9 	0.8 
A,P_THAB,ED8,F,ES	: 	0.8 	0.9 	1.1 	1.3 	1.5 	1.4 	0.7 	0.7 	0.7 	0.8 	0.8 	0.8 
A,P_THAB,ED8,F,EU27_2020	: 	: 	0.7 d	0.7 d	0.7 d	0.7 	0.7 d	0.6 	0.6 	0.6 	0.7 	0.8 	: 
A,P_THAB,ED8,F,EU28	: 	: 	0.7 d	0.8 d	0.8 d	0.8 	0.8 d	0.8 	: 	: 	: 	: 	: 
A,P_THAB,ED8,F,FI	: 	0.9 	0.9 	1.0 	1.0 	0.9 	0.9 	0.8 	0.8 	0.6 	0.8 	0.9 	1.1 
A,P_THAB,ED8,F,FR	: 	0.8 	0.8 	0.8 	0.8 	0.9 	0.7 d	0.7 	0.6 	0.6 	0.9 	1.1 	1.1 
A,P_THAB,ED8,F,HR	: 	0.5 	0.5 	0.6 	0.4 	0.5 	0.4 	0.4 	0.5 	0.5 	0.7 	0.8 	0.8 
A,P_THAB,ED8,F,HU	: 	0.2 	0.3 	0.3 	0.2 	0.2 	0.3 	0.3 	0.2 	0.3 	0.4 	0.4 	0.5 
A,P_THAB,ED8,F,IE	: 	0.9 	1.0 	0.8 	0.9 	0.8 	0.9 d	0.9 d	0.8 d	0.9 d	0.9 d	0.9 d	: 
A,P_THAB,ED8,F,IS	: 	0.5 	0.9 	0.5 	0.5 	0.5 	0.3 	0.5 	0.6 	0.7 	0.5 	0.4 	: 
A,P_THAB,ED8,F,IT	: 	0.7 	0.7 	0.7 	0.7 	0.6 d	0.5 	0.6 	0.6 p	0.6 	0.7 	0.8 	0.8 
A,P_THAB,ED8,F,LI	: 	0.0 	0.0 	0.0 	0.0 	0.0 	0.5 	0.9 	1.3 	0.0 	0.0 	: 	: 
A,P_THAB,ED8,F,LT	: 	0.4 	0.4 	0.4 	0.3 	0.4 	0.4 	0.4 	0.4 	0.5 	0.6 	0.6 	0.4 
A,P_THAB,ED8,F,LU	: 	0.3 	0.2 	0.4 	0.4 	0.7 	0.5 	0.6 	0.4 	0.7 	1.3 	1.2 	1.1 
A,P_THAB,ED8,F,LV	: 	0.4 	0.4 	0.4 	0.3 	0.3 	0.3 	0.3 	0.2 	0.3 	0.4 	0.4 	: 
A,P_THAB,ED8,F,ME	: 	: 	: 	: 	: 	0.0 	: d	: d	: d	0.0 	: 	0.1 	0.1 
A,P_THAB,ED8,F,MK	: 	0.1 	0.1 	0.1 	0.1 	0.1 	0.1 	0.1 	0.1 	0.1 	0.2 	0.1 	0.2 
A,P_THAB,ED8,F,MT	: 	0.1 	0.1 	0.2 	0.2 	0.2 	0.2 	0.1 	0.2 	0.1 	0.2 	0.2 	0.3 
A,P_THAB,ED8,F,NL	: 	: 	: 	: d	: 	0.4 	0.4 	0.5 	0.4 	0.5 	0.4 	0.5 	: 
A,P_THAB,ED8,F,NO	: 	0.7 	0.6 	0.6 	0.6 	0.6 	0.6 	0.7 	0.6 	0.7 	0.6 	0.6 	0.8 
A,P_THAB,ED8,F,PL	: 	: d	0.2 	0.3 	0.3 	0.2 	0.3 	0.3 	0.2 	0.2 	0.4 de	0.5 de	0.4 de
A,P_THAB,ED8,F,PT	: 	0.9 	0.8 	0.8 	0.9 	0.8 	0.8 	0.7 	0.6 	0.6 	0.7 	0.8 	: 
A,P_THAB,ED8,F,RO	: 	0.6 	0.5 	0.5 	0.3 	0.2 	0.2 	0.3 	0.2 	0.4 	0.3 	0.3 	0.5 
A,P_THAB,ED8,F,RS	: 	: 	0.3 	0.5 	0.6 	0.7 	0.7 	0.5 	0.5 	0.4 	0.5 	0.6 	0.5 
A,P_THAB,ED8,F,SE	: 	0.9 	0.9 	1.0 	0.9 	0.9 	0.8 	0.8 	0.9 	0.8 	0.9 	0.9 	: 
A,P_THAB,ED8,F,SI	: 	1.5 	1.5 	1.5 	3.1 	0.6 	0.7 	0.8 	0.7 	0.6 	0.9 	0.8 	0.8 
A,P_THAB,ED8,F,SK	: 	0.9 	0.9 	0.8 	0.8 	0.7 	0.6 	0.6 	0.6 	0.7 	0.7 	0.8 	0.8 
A,P_THAB,ED8,F,TR	: 	: 	: 	0.1 	0.2 	0.2 	0.2 	0.2 	0.2 	0.2 	0.2 	0.3 	: 
A,P_THAB,ED8,F,UK	: 	1.1 	1.1 	1.1 	1.1 	1.2 	1.3 	1.4 	: 	: 	: 	: 	: 
A,P_THAB,ED8,M,AL	: 	: 	: 	: 	: 	: 	: 	: 	: 	0.1 	0.2 	0.0 	: 
A,P_THAB,ED8,M,AT	: 	1.3 	1.3 	1.3 	1.3 	1.2 	1.3 	1.2 	1.3 	1.3 	1.2 	1.2 	1.5 
A,P_THAB,ED8,M,BE	: 	1.1 	1.1 	1.3 	1.2 	0.9 	1.3 	1.3 	1.2 	1.2 	1.3 	1.4 	: 
A,P_THAB,ED8,M,BG	: 	0.4 	0.5 	0.7 	0.6 	0.6 	0.5 	0.5 	0.4 	0.5 	0.5 	0.4 	0.5 
A,P_THAB,ED8,M,CH	: 	2.0 	2.2 	2.3 	2.5 	2.5 	2.4 	2.5 	2.3 	2.5 	2.6 	2.7 	2.5 
A,P_THAB,ED8,M,CY	: 	0.2 	0.2 	0.3 	0.4 	0.3 	0.5 	0.5 	0.6 	0.3 	0.5 	0.4 	0.4 
A,P_THAB,ED8,M,CZ	: 	1.1 	1.2 	1.1 	1.1 	1.3 	1.3 	1.2 	0.9 	1.3 	1.2 	1.3 	: 
A,P_THAB,ED8,M,DE	: 	1.6 	1.6 	1.8 	1.7 	1.7 	1.6 	1.7 	1.6 	1.6 	1.6 	1.6 	1.7 
A,P_THAB,ED8,M,DK	: 	1.6 	1.6 	1.6 	1.6 	1.5 	1.4 	1.4 	1.3 	1.4 	1.2 	1.2 	1.7 
A,P_THAB,ED8,M,EE	: 	0.6 	0.7 	0.7 	0.8 	0.8 	1.0 	0.9 	0.8 	1.0 	1.2 	1.0 	1.2 
A,P_THAB,ED8,M,EL	: 	0.6 	0.6 	0.7 	0.7 	0.8 	0.5 	0.7 	0.6 	0.8 	0.9 	0.9 	1.1 
A,P_THAB,ED8,M,ES	: 	1.0 	1.1 	1.2 	1.4 	1.9 	1.6 	0.9 	0.9 	1.0 	1.0 	1.0 	1.1 
A,P_THAB,ED8,M,EU27_2020	: 	: 	1.1 d	1.1 d	1.1 d	1.1 	1.1 d	1.0 	1.0 	1.0 	1.1 	1.2 	: 
A,P_THAB,ED8,M,EU28	: 	: 	1.1 d	1.2 d	1.2 d	1.2 	1.2 d	1.2 	: 	: 	: 	: 	: 
A,P_THAB,ED8,M,FI	: 	1.5 	1.6 	1.6 	1.6 	1.4 	1.5 	1.3 	1.4 	1.3 	1.3 	1.4 	1.5 
A,P_THAB,ED8,M,FR	: 	1.3 	1.3 	1.4 	1.3 	1.3 	1.3 d	1.2 	1.1 	1.1 	1.3 	1.6 	1.6 
A,P_THAB,ED8,M,HR	: 	0.5 	0.7 	0.6 	0.4 	0.5 	0.5 	0.5 	0.5 	0.6 	0.9 	0.7 	0.6 
A,P_THAB,ED8,M,HU	: 	0.4 	0.4 	0.4 	0.4 	0.4 	0.4 	0.4 	0.4 	0.6 	0.6 	0.6 	0.7 
A,P_THAB,ED8,M,IE	: 	1.4 	1.4 	1.4 	1.4 	1.3 	1.2 d	1.3 d	1.2 d	1.1 d	1.3 d	1.3 d	: 
A,P_THAB,ED8,M,IS	: 	0.5 	0.5 	0.8 	0.6 	0.5 	0.5 	0.8 	0.6 	0.9 	0.7 	0.8 	: 
A,P_THAB,ED8,M,IT	: 	0.8 	0.8 	0.9 	0.8 	0.8 d	0.7 	0.7 	0.7 p	0.8 	0.9 	1.0 	1.1 
A,P_THAB,ED8,M,LI	: 	0.4 	0.0 	0.0 	0.0 	0.0 	0.0 	0.0 	0.4 	0.0 	0.0 	: 	: 
A,P_THAB,ED8,M,LT	: 	0.5 	0.5 	0.5 	0.4 	0.5 	0.5 	0.5 	0.6 	0.7 	0.6 	0.6 	0.6 
A,P_THAB,ED8,M,LU	: 	0.7 	0.9 	1.2 	1.1 	1.5 	1.6 	1.2 	1.2 	1.5 	2.0 	1.9 	1.5 
A,P_THAB,ED8,M,LV	: 	0.5 	0.4 	0.5 	0.4 	0.2 	0.3 	0.4 	0.3 	0.4 	0.4 	0.6 	: 
A,P_THAB,ED8,M,ME	: 	: 	: 	: 	: 	0.0 	: d	: d	: d	0.0 	: 	0.1 	0.1 
A,P_THAB,ED8,M,MK	: 	0.2 	0.2 	0.2 	0.2 	0.1 	0.1 	0.1 	0.1 	0.1 	0.2 	0.2 	0.3 
A,P_THAB,ED8,M,MT	: 	0.2 	0.3 	0.2 	0.3 	0.3 	0.2 	0.2 	0.3 	0.3 	0.3 	0.3 	0.3 
A,P_THAB,ED8,M,NL	: 	: 	: 	: d	: 	0.9 	0.9 	1.0 	0.9 	0.9 	0.9 	0.9 	: 
A,P_THAB,ED8,M,NO	: 	1.2 	1.1 	0.9 	1.0 	1.0 	1.0 	1.1 	1.1 	1.2 	1.0 	1.0 	1.2 
A,P_THAB,ED8,M,PL	: 	: d	0.2 	0.3 	0.3 	0.3 	0.3 	0.3 	0.2 	0.3 	0.4 de	0.5 de	0.4 de
A,P_THAB,ED8,M,PT	: 	1.0 	1.0 	0.9 	1.0 	0.8 	0.9 	0.8 	0.8 	0.8 	0.9 	0.9 	: 
A,P_THAB,ED8,M,RO	: 	0.8 	0.6 	0.6 	0.3 	0.2 	0.3 	0.3 	0.3 	0.4 	0.3 	0.4 	0.5 
A,P_THAB,ED8,M,RS	: 	: 	0.4 	0.5 	0.5 	0.7 	0.4 	0.5 	0.4 	0.4 	0.4 	0.4 	0.4 
A,P_THAB,ED8,M,SE	: 	1.8 	1.9 	1.9 	1.8 	1.7 	1.4 	1.6 	1.4 	1.5 	1.5 	1.5 	: 
A,P_THAB,ED8,M,SI	: 	2.3 	1.8 	1.8 	4.7 	1.2 	1.0 	1.0 	1.0 	0.9 	1.0 	1.0 	1.2 
A,P_THAB,ED8,M,SK	: 	1.2 	1.2 	1.1 	1.0 	1.0 	0.9 	0.9 	0.8 	0.9 	0.8 	1.0 	0.9 
A,P_THAB,ED8,M,TR	: 	: 	: 	0.2 	0.2 	0.2 	0.2 	0.2 	0.2 	0.3 	0.3 	0.3 	: 
A,P_THAB,ED8,M,UK	: 	1.7 	1.6 	1.7 	1.8 	1.8 	2.0 	2.0 	: 	: 	: 	: 	: 
A,P_THAB,ED8,T,AL	: 	: 	: 	: 	: 	: 	: 	: 	: 	0.1 	0.2 	0.0 	: 
A,P_THAB,ED8,T,AT	: 	0.9 	0.9 	0.9 	1.0 	0.9 	1.0 	0.9 	0.9 	1.0 	0.9 	0.9 	1.1 
A,P_THAB,ED8,T,BE	: 	0.8 	0.8 	0.9 	0.9 	0.7 	1.0 	1.0 	0.9 	0.9 	1.0 	1.1 	: 
A,P_THAB,ED8,T,BG	: 	0.4 	0.5 	0.6 	0.5 	0.6 	0.5 	0.5 	0.4 	0.5 	0.5 	0.4 	0.5 
A,P_THAB,ED8,T,CH	: 	1.5 	1.7 	1.8 	1.9 	2.0 	1.9 	2.0 	1.9 	2.0 	2.1 	2.2 	2.1 
A,P_THAB,ED8,T,CY	: 	0.2 	0.2 	0.2 	0.4 	0.3 	0.3 	0.4 	0.5 	0.3 	0.4 	0.6 	0.4 
A,P_THAB,ED8,T,CZ	: 	0.8 	0.9 	0.9 	0.9 	1.0 	1.0 	1.0 	0.8 	1.0 	1.0 	1.1 	: 
A,P_THAB,ED8,T,DE	: 	1.2 	1.3 	1.4 	1.3 	1.3 	1.3 	1.3 	1.2 	1.3 	1.3 	1.3 	1.4 
A,P_THAB,ED8,T,DK	: 	1.2 	1.2 	1.3 	1.3 	1.2 	1.1 	1.1 	1.0 	1.1 	1.0 	1.0 	1.3 
A,P_THAB,ED8,T,EE	: 	0.6 	0.6 	0.7 	0.8 	0.8 	0.9 	0.9 	0.8 	0.9 	1.1 	0.9 	1.1 
A,P_THAB,ED8,T,EL	: 	0.5 	0.5 	0.5 	0.6 	0.7 	0.5 	0.6 	0.5 	0.7 	0.7 	0.9 	0.9 
A,P_THAB,ED8,T,ES	: 	0.9 	1.0 	1.2 	1.4 	1.7 	1.5 	0.8 	0.8 	0.9 	0.9 	0.9 	0.9 
A,P_THAB,ED8,T,EU27_2020	: 	: 	0.9 d	0.9 d	0.9 d	0.9 	0.9 d	0.8 	0.8 	0.8 	0.9 	1.0 	: 
A,P_THAB,ED8,T,EU28	: 	: 	0.9 d	1.0 d	1.0 d	1.0 	1.0 d	1.0 	: 	: 	: 	: 	: 
A,P_THAB,ED8,T,FI	: 	1.2 	1.3 	1.3 	1.3 	1.1 	1.2 	1.1 	1.1 	1.0 	1.0 	1.1 	1.3 
A,P_THAB,ED8,T,FR	: 	1.1 	1.1 	1.1 	1.1 	1.1 	1.0 d	0.9 	0.8 	0.8 	1.1 	1.3 	1.3 
A,P_THAB,ED8,T,HR	: 	0.5 	0.6 	0.6 	0.4 	0.5 	0.5 	0.5 	0.5 	0.6 	0.8 	0.7 	0.7 
A,P_THAB,ED8,T,HU	: 	0.3 	0.3 	0.3 	0.3 	0.3 	0.4 	0.3 	0.3 	0.5 	0.5 	0.5 	0.6 
A,P_THAB,ED8,T,IE	: 	1.1 	1.2 	1.1 	1.1 	1.0 	1.0 d	1.1 d	1.0 d	1.0 d	1.1 d	1.1 d	: 
A,P_THAB,ED8,T,IS	: 	0.5 	0.7 	0.7 	0.6 	0.5 	0.4 	0.6 	0.6 	0.8 	0.6 	0.6 	: 
A,P_THAB,ED8,T,IT	: 	0.7 	0.7 	0.8 	0.7 	0.7 d	0.6 	0.7 	0.7 p	0.7 	0.8 	0.9 	0.9 
A,P_THAB,ED8,T,LI	: 	0.2 	0.0 	0.0 	0.0 	0.0 	0.2 	0.4 	0.9 	0.0 	0.0 	: 	: 
A,P_THAB,ED8,T,LT	: 	0.5 	0.5 	0.5 	0.3 	0.5 	0.4 	0.5 	0.5 	0.6 	0.6 	0.6 	0.5 
A,P_THAB,ED8,T,LU	: 	0.5 	0.6 	0.8 	0.8 	1.1 	1.1 	0.9 	0.8 	1.1 	1.6 	1.5 	1.3 
A,P_THAB,ED8,T,LV	: 	0.5 	0.4 	0.4 	0.3 	0.2 	0.3 	0.3 	0.3 	0.3 	0.4 	0.5 	: 
A,P_THAB,ED8,T,ME	: 	: 	: 	: 	: 	0.0 	: d	: d	: d	0.0 	: 	0.1 	0.1 
A,P_THAB,ED8,T,MK	: 	0.2 	0.2 	0.2 	0.1 	0.1 	0.1 	0.1 	0.1 	0.1 	0.2 	0.1 	0.2 
A,P_THAB,ED8,T,MT	: 	0.1 	0.2 	0.2 	0.3 	0.3 	0.2 	0.2 	0.3 	0.2 	0.3 	0.2 	0.3 
A,P_THAB,ED8,T,NL	: 	: 	: 	: d	: 	0.7 	0.7 	0.8 	0.6 	0.7 	0.7 	0.7 	: 
A,P_THAB,ED8,T,NO	: 	1.0 	0.8 	0.8 	0.8 	0.8 	0.8 	0.9 	0.8 	0.9 	0.8 	0.8 	1.0 
A,P_THAB,ED8,T,PL	: 	: d	0.2 	0.3 	0.3 	0.3 	0.3 	0.3 	0.2 	0.3 	0.4 de	0.5 de	0.4 de
A,P_THAB,ED8,T,PT	: 	0.9 	0.9 	0.8 	0.9 	0.8 	0.8 	0.8 	0.7 	0.7 	0.8 	0.9 	: 
A,P_THAB,ED8,T,RO	: 	0.7 	0.5 	0.5 	0.3 	0.2 	0.2 	0.3 	0.3 	0.4 	0.3 	0.4 	0.5 
A,P_THAB,ED8,T,RS	: 	: 	0.4 	0.5 	0.5 	0.7 	0.5 	0.5 	0.5 	0.4 	0.4 	0.5 	0.5 
A,P_THAB,ED8,T,SE	: 	1.3 	1.4 	1.4 	1.4 	1.3 	1.1 	1.3 	1.1 	1.2 	1.2 	1.2 	: 
A,P_THAB,ED8,T,SI	: 	1.9 	1.7 	1.7 	4.0 	0.9 	0.9 	0.9 	0.8 	0.8 	1.0 	0.9 	1.0 
A,P_THAB,ED8,T,SK	: 	1.1 	1.1 	1.0 	0.9 	0.8 	0.8 	0.8 	0.7 	0.8 	0.8 	0.9 	0.8 
A,P_THAB,ED8,T,TR	: 	: 	: 	0.2 	0.2 	0.2 	0.2 	0.2 	0.2 	0.2 	0.3 	0.3 	: 
A,P_THAB,ED8,T,UK	: 	1.4 	1.3 	1.4 	1.5 	1.5 	1.6 	1.7 	: 	: 	: 	: 	: 
